timestamp_s,x,y,z
1403636856.829881191,4.687084,-1.936872,0.687708
1403636856.879881382,4.687074,-1.936887,0.687685
1403636856.929881334,4.687983,-1.937267,0.687511
1403636857.080881357,4.687084,-1.936864,0.687687
1403636857.130881310,4.687076,-1.936881,0.687679
1403636857.181881189,4.687084,-1.936865,0.687692
1403636857.278881311,4.687090,-1.936851,0.687693
1403636857.327881336,4.687089,-1.936845,0.687671
1403636857.428881168,4.687091,-1.936860,0.687717
1403636857.478881359,4.687093,-1.936845,0.687694
1403636857.529881239,4.687978,-1.937287,0.687532
1403636857.627881289,4.687119,-1.936798,0.687732
1403636857.731881380,4.687100,-1.936833,0.687703
1403636857.782881260,4.687095,-1.936840,0.687692
1403636857.831881285,4.688026,-1.937174,0.687541
1403636857.882881403,4.687114,-1.936803,0.687717
1403636857.979881287,4.687115,-1.936803,0.687718
1403636858.030881405,4.687127,-1.936785,0.687744
1403636858.078881264,4.687113,-1.936818,0.687745
1403636858.129881382,4.687116,-1.936811,0.687744
1403636858.177881241,4.687095,-1.936851,0.687720
1403636858.227881193,4.687133,-1.936779,0.687768
1403636858.278881311,4.687099,-1.936852,0.687742
1403636858.327881336,4.687100,-1.936839,0.687720
1403636858.379881382,4.687109,-1.936838,0.687771
1403636858.477881193,4.687154,-1.936795,0.687926
1403636858.529881239,4.687185,-1.936765,0.688035
1403636858.580881357,4.687196,-1.936783,0.688137
1403636858.631881237,4.687245,-1.936765,0.688382
1403636858.730881214,4.687475,-1.936325,0.688660
1403636858.782881260,4.686926,-1.935229,0.689205
1403636858.832881212,4.688195,-1.935023,0.689716
1403636858.878881216,4.687895,-1.933747,0.691268
1403636858.930881262,4.689057,-1.932093,0.694059
1403636858.980881214,4.690783,-1.929545,0.698012
1403636859.032881260,4.692236,-1.925812,0.703960
1403636859.080881357,4.693008,-1.921469,0.710942
1403636859.179881334,4.695234,-1.912020,0.727414
1403636859.232881308,4.696781,-1.906710,0.737025
1403636859.330881357,4.699226,-1.896466,0.753595
1403636859.379881382,4.698377,-1.891007,0.761882
1403636859.478881359,4.701772,-1.884945,0.782135
1403636859.529881239,4.702580,-1.882728,0.795999
1403636859.578881264,4.703553,-1.880692,0.811762
1403636859.630881310,4.703958,-1.878333,0.830619
1403636859.679881334,4.703418,-1.876031,0.851204
1403636859.728881359,4.697139,-1.872162,0.873535
1403636859.779881239,4.695320,-1.870726,0.896685
1403636859.831881285,4.693391,-1.869591,0.920801
1403636859.879881382,4.692773,-1.869556,0.942420
1403636859.929881334,4.692127,-1.869506,0.964594
1403636859.980881214,4.691068,-1.870107,0.986304
1403636860.031881332,4.690026,-1.870336,1.007704
1403636860.079881191,4.688669,-1.870412,1.026321
1403636860.131881237,4.689263,-1.870438,1.043312
1403636860.232881308,4.689865,-1.867744,1.061004
1403636860.280881405,4.691552,-1.865560,1.058215
1403636860.478881359,4.704006,-1.860283,0.979968
1403636860.831881285,4.695378,-1.848587,0.817244
1403636860.876881361,4.699952,-1.849922,0.807628
1403636860.928881168,4.701248,-1.850644,0.803638
1403636860.977881193,4.703278,-1.851753,0.805640
1403636861.478881359,4.708082,-1.844698,1.054626
1403636861.579881191,4.710181,-1.841465,1.099934
1403636861.631881237,4.710675,-1.840029,1.111995
1403636861.677881241,4.710372,-1.838840,1.115766
1403636862.231881380,4.703046,-1.844061,0.867060
1403636862.281881332,4.701418,-1.845624,0.843856
1403636862.327881336,4.701600,-1.847004,0.825992
1403636862.381881237,4.701269,-1.848162,0.811880
1403636862.430881262,4.701048,-1.849209,0.805803
1403636863.130881310,4.693887,-1.838672,1.166927
1403636863.181881189,4.696837,-1.839055,1.180566
1403636863.230881214,4.699010,-1.839650,1.184324
1403636863.829881191,4.704868,-1.846541,0.863702
1403636863.929881334,4.703097,-1.844027,0.820741
1403636863.979881287,4.703823,-1.843716,0.809997
1403636864.581881285,4.701699,-1.841995,1.116983
1403636864.678881168,4.701458,-1.843017,1.161144
1403636864.730881214,4.701269,-1.843371,1.175694
1403636864.778881311,4.702255,-1.844675,1.181852
1403636865.229881287,4.695631,-1.849205,0.981974
1403636865.430881262,4.692271,-1.842489,0.879036
1403636865.479881287,4.692470,-1.841845,0.862486
1403636865.530881405,4.692640,-1.842134,0.848771
1403636865.582881212,4.692115,-1.842997,0.839688
1403636865.631881237,4.691450,-1.843818,0.837265
1403636866.230881214,4.695302,-1.855741,1.145591
1403636866.379881382,4.701245,-1.859422,1.205946
1403636866.429881334,4.703244,-1.860879,1.212754
1403636866.929881334,4.700357,-1.851846,1.015782
1403636867.028881311,4.700804,-1.846888,0.981437
1403636867.082881212,4.702934,-1.845249,0.965768
1403636867.129881382,4.705065,-1.844559,0.953752
1403636867.179881334,4.706163,-1.844262,0.943684
1403636867.233881235,4.710045,-1.845693,0.935617
1403636867.277881384,4.712469,-1.846313,0.930836
1403636867.329881191,4.716122,-1.847057,0.927703
1403636867.378881216,4.719871,-1.848023,0.926095
1403636867.428881168,4.723786,-1.849043,0.926021
1403636867.479881287,4.726912,-1.849759,0.927372
1403636867.529881239,4.730003,-1.850863,0.929697
1403636867.580881357,4.733884,-1.852946,0.932808
1403636867.632881403,4.735897,-1.854588,0.936959
1403636867.677881241,4.735977,-1.855362,0.940188
1403636867.729881287,4.736068,-1.855867,0.942640
1403636867.780881405,4.734495,-1.854762,0.943957
1403636867.832881212,4.733725,-1.854033,0.944164
1403636867.877881289,4.730917,-1.852676,0.943335
1403636867.928881168,4.728053,-1.851203,0.941637
1403636868.033881187,4.721696,-1.847381,0.939188
1403636868.077881336,4.720921,-1.846681,0.939448
1403636868.179881334,4.721146,-1.847515,0.944114
1403636868.232881308,4.723073,-1.849004,0.947091
1403636868.329881191,4.726866,-1.851538,0.951070
1403636868.379881382,4.731479,-1.853726,0.951667
1403636868.478881359,4.735413,-1.857645,0.952257
1403636868.529881239,4.737561,-1.860455,0.952342
1403636868.580881357,4.739217,-1.864532,0.952483
1403636868.630881310,4.741737,-1.869343,0.953276
1403636868.680881262,4.744221,-1.874510,0.954990
1403636868.731881380,4.750628,-1.880850,0.957287
1403636868.781881332,4.753594,-1.885035,0.959899
1403636868.831881285,4.754916,-1.887866,0.962382
1403636868.931881189,4.758104,-1.894060,0.964515
1403636868.980881214,4.759980,-1.897494,0.964491
1403636869.032881260,4.760903,-1.900686,0.964770
1403636869.077881336,4.762826,-1.904117,0.965173
1403636869.128881216,4.762923,-1.906766,0.965832
1403636869.230881214,4.762994,-1.909661,0.967153
1403636869.380881310,4.763411,-1.913667,0.965888
1403636869.429881334,4.762133,-1.913969,0.965231
1403636869.478881359,4.761008,-1.913874,0.964521
1403636869.527881384,4.760852,-1.914069,0.963834
1403636869.577881336,4.759929,-1.913536,0.963365
1403636869.629881382,4.760203,-1.912703,0.962821
1403636869.678881168,4.760026,-1.910369,0.962552
1403636869.729881287,4.760553,-1.906223,0.962090
1403636869.777881384,4.760812,-1.900033,0.961647
1403636869.829881191,4.762237,-1.890890,0.961207
1403636869.879881382,4.763638,-1.878996,0.960664
1403636869.929881334,4.764796,-1.864986,0.960439
1403636869.978881359,4.766618,-1.849224,0.960407
1403636870.028881311,4.769230,-1.831329,0.960556
1403636870.079881191,4.772520,-1.811482,0.960719
1403636870.130881310,4.770499,-1.788500,0.961220
1403636870.230881214,4.775161,-1.740760,0.960134
1403636870.281881332,4.776728,-1.715600,0.959687
1403636870.331881285,4.778365,-1.690010,0.959594
1403636870.379881382,4.780719,-1.665155,0.959811
1403636870.428881168,4.783130,-1.639848,0.960257
1403636870.477881193,4.786278,-1.615097,0.960616
1403636870.530881405,4.785764,-1.588260,0.961054
1403636870.577881336,4.788975,-1.565506,0.960630
1403636870.677881241,4.795018,-1.522488,0.956905
1403636870.730881214,4.797544,-1.503604,0.954547
1403636870.780881405,4.799459,-1.486454,0.952200
1403636870.879881382,4.800354,-1.458490,0.949427
1403636870.930881262,4.802231,-1.448128,0.947612
1403636870.981881380,4.804404,-1.439844,0.944858
1403636871.032881260,4.806886,-1.434079,0.942331
1403636871.078881264,4.808820,-1.430273,0.940185
1403636871.130881310,4.810413,-1.427468,0.937700
1403636871.230881214,4.810526,-1.425098,0.932673
1403636871.281881332,4.809233,-1.425257,0.931017
1403636871.330881357,4.807555,-1.427157,0.930465
1403636871.380881310,4.806509,-1.431122,0.931588
1403636871.431881189,4.804956,-1.437035,0.933387
1403636871.477881193,4.803022,-1.444202,0.935210
1403636871.530881405,4.802968,-1.455489,0.936910
1403636871.579881191,4.800272,-1.468425,0.938541
1403636871.628881216,4.796794,-1.483768,0.940153
1403636871.729881287,4.787476,-1.521206,0.942830
1403636871.781881332,4.781864,-1.542662,0.944557
1403636871.831881285,4.776536,-1.566239,0.946492
1403636871.880881310,4.772735,-1.591251,0.948492
1403636871.979881287,4.760813,-1.642977,0.951209
1403636872.030881405,4.753428,-1.670521,0.951879
1403636872.080881357,4.745883,-1.697905,0.952149
1403636872.130881310,4.738912,-1.726090,0.952106
1403636872.180881262,4.731157,-1.752864,0.951571
1403636872.233881235,4.725214,-1.782727,0.950303
1403636872.277881384,4.717973,-1.807122,0.949276
1403636872.329881191,4.709931,-1.833063,0.947714
1403636872.430881262,4.695169,-1.880199,0.943653
1403636872.478881359,4.689842,-1.900776,0.941212
1403636872.530881405,4.683798,-1.920199,0.938702
1403636872.580881357,4.678554,-1.935006,0.936742
1403636872.630881310,4.676311,-1.947907,0.935447
1403636872.731881380,4.673112,-1.960754,0.935372
1403636872.830881357,4.675263,-1.961368,0.937247
1403636872.881881237,4.676638,-1.958389,0.938295
1403636872.931881189,4.679037,-1.952817,0.938877
1403636873.032881260,4.682049,-1.929859,0.939085
1403636873.078881264,4.684880,-1.914804,0.938373
1403636873.181881189,4.693204,-1.872104,0.936395
1403636873.232881308,4.698517,-1.847462,0.935421
1403636873.330881357,4.709995,-1.794853,0.933290
1403636873.378881216,4.711584,-1.764962,0.933096
1403636873.479881287,4.723979,-1.704755,0.932310
1403636873.529881239,4.730302,-1.674835,0.931497
1403636873.578881264,4.736232,-1.645448,0.930578
1403636873.631881237,4.743820,-1.616617,0.928885
1403636873.677881241,4.749261,-1.590513,0.927300
1403636873.729881287,4.755652,-1.564074,0.925123
1403636873.778881311,4.761692,-1.541347,0.922505
1403636873.830881357,4.767504,-1.518797,0.919444
1403636873.881881237,4.772976,-1.500362,0.916483
1403636873.931881189,4.778627,-1.484529,0.913610
1403636873.980881214,4.782133,-1.472460,0.911763
1403636874.030881405,4.786533,-1.464132,0.909628
1403636874.082881212,4.789054,-1.458641,0.907944
1403636874.130881310,4.789795,-1.455637,0.906550
1403636874.231881380,4.789468,-1.455886,0.904527
1403636874.279881239,4.788707,-1.458245,0.904178
1403636874.331881285,4.786423,-1.462539,0.904809
1403636874.379881382,4.783608,-1.468672,0.905751
1403636874.479881287,4.775866,-1.491017,0.907607
1403636874.531881332,4.769908,-1.506920,0.908351
1403636874.579881191,4.764126,-1.525393,0.909103
1403636874.630881310,4.757138,-1.547427,0.910089
1403636874.678881168,4.750118,-1.569308,0.911330
1403636874.731881380,4.741380,-1.596105,0.912933
1403636874.777881384,4.735709,-1.622446,0.913622
1403636874.830881357,4.727220,-1.653258,0.913987
1403636874.878881216,4.719676,-1.680577,0.913680
1403636874.980881214,4.701718,-1.738015,0.911038
1403636875.031881332,4.693608,-1.764800,0.908859
1403636875.079881191,4.685558,-1.788310,0.907117
1403636875.129881382,4.678089,-1.809934,0.905239
1403636875.232881308,4.667643,-1.846762,0.902403
1403636875.278881311,4.663097,-1.860558,0.901240
1403636875.330881357,4.658419,-1.874532,0.899973
1403636875.381881237,4.656331,-1.887158,0.898058
1403636875.432881355,4.654581,-1.898819,0.895970
1403636875.477881193,4.658319,-1.910125,0.893323
1403636875.530881405,4.659410,-1.920085,0.891327
1403636875.630881310,4.670637,-1.936877,0.888568
1403636875.731881380,4.691576,-1.946537,0.887541
1403636875.779881239,4.705983,-1.948621,0.887586
1403636875.830881357,4.739663,-1.956178,0.885655
1403636875.880881310,4.766066,-1.957922,0.884815
1403636875.932881355,4.788407,-1.956487,0.884709
1403636875.980881214,4.804596,-1.951539,0.885000
1403636876.030881405,4.823496,-1.945185,0.885263
1403636876.077881336,4.842672,-1.938144,0.885809
1403636876.129881382,4.861985,-1.928285,0.887480
1403636876.179881334,4.882071,-1.916457,0.889600
1403636876.231881380,4.900036,-1.901842,0.892588
1403636876.281881332,4.917029,-1.886657,0.895373
1403636876.329881191,4.937122,-1.871178,0.896888
1403636876.379881382,4.947329,-1.850407,0.898821
1403636876.477881193,4.959730,-1.802505,0.899669
1403636876.531881332,4.962716,-1.773147,0.898799
1403636876.581881285,4.964341,-1.744028,0.897572
1403636876.630881310,4.961708,-1.714517,0.896548
1403636876.678881168,4.955916,-1.684807,0.896433
1403636876.729881287,4.932036,-1.649026,0.897877
1403636876.779881239,4.919642,-1.619417,0.898342
1403636876.830881357,4.905451,-1.591784,0.898987
1403636876.930881262,4.870481,-1.546754,0.901206
1403636876.979881287,4.850105,-1.531380,0.902045
1403636877.030881405,4.828164,-1.520735,0.902387
1403636877.080881357,4.781790,-1.508119,0.905036
1403636877.130881310,4.761457,-1.508362,0.903524
1403636877.281881332,4.644613,-1.520181,0.905005
1403636877.429881334,4.597909,-1.591005,0.900832
1403636877.479881287,4.574046,-1.616800,0.901621
1403636877.578881264,4.544513,-1.677918,0.901999
1403636877.630881310,4.533484,-1.710108,0.901311
1403636877.730881214,4.525812,-1.771370,0.898881
1403636877.779881239,4.526129,-1.800290,0.897470
1403636877.830881357,4.530324,-1.827307,0.896128
1403636877.880881310,4.538912,-1.851368,0.895093
1403636877.929881334,4.550483,-1.873370,0.894329
1403636877.980881214,4.584032,-1.901901,0.890964
1403636878.079881191,4.617459,-1.933493,0.888406
1403636878.131881237,4.636411,-1.945036,0.886587
1403636878.182881355,4.657761,-1.953296,0.884228
1403636878.231881380,4.678648,-1.957422,0.881796
1403636878.329881191,4.744503,-1.964422,0.873714
1403636878.432881355,4.777129,-1.939531,0.870343
1403636878.480881214,4.809496,-1.930797,0.866594
1403636878.531881332,4.829663,-1.912197,0.864596
1403636878.580881357,4.847482,-1.891296,0.863538
1403636878.630881310,4.865225,-1.867649,0.863157
1403636878.681881189,4.880296,-1.842588,0.864226
1403636878.730881214,4.892416,-1.816697,0.866336
1403636878.780881405,4.902666,-1.789948,0.869441
1403636878.834881306,4.905981,-1.758602,0.873681
1403636878.883881330,4.907325,-1.729369,0.878195
1403636878.983881235,4.906957,-1.671818,0.886171
1403636879.032881260,4.904229,-1.643258,0.889190
1403636879.079881191,4.898293,-1.617226,0.891297
1403636879.133881330,4.890654,-1.589492,0.893144
1403636879.230881214,4.854336,-1.540013,0.898571
1403636879.279881239,4.841250,-1.522304,0.901225
1403636879.331881285,4.827225,-1.507664,0.904307
1403636879.379881382,4.811036,-1.496591,0.907542
1403636879.434881210,4.793688,-1.489138,0.910546
1403636879.481881380,4.776026,-1.486100,0.913580
1403636879.534881353,4.758267,-1.486624,0.916296
1403636879.581881285,4.739415,-1.490601,0.919004
1403636879.634881258,4.714341,-1.497663,0.922171
1403636879.734881401,4.672051,-1.522953,0.928296
1403636879.784881353,4.655932,-1.540942,0.931460
1403636879.834881306,4.643454,-1.563583,0.934635
1403636879.879881382,4.632049,-1.585783,0.937799
1403636879.934881210,4.621526,-1.614206,0.940857
1403636880.030881405,4.610650,-1.666959,0.944140
1403636880.080881357,4.608761,-1.693095,0.945283
1403636880.131881237,4.622409,-1.722826,0.945038
1403636880.181881189,4.630424,-1.744753,0.945978
1403636880.231881380,4.640737,-1.763313,0.946995
1403636880.281881332,4.654955,-1.777249,0.948230
1403636880.332881212,4.672784,-1.787267,0.949211
1403636880.380881310,4.691339,-1.792637,0.950440
1403636880.431881189,4.711098,-1.794862,0.951739
1403636880.482881308,4.762214,-1.806863,0.949327
1403636880.583881378,4.799925,-1.802633,0.954901
1403636880.634881258,4.821632,-1.803347,0.959301
1403636880.683881283,4.843431,-1.806678,0.963826
1403636880.732881308,4.866054,-1.813519,0.968349
1403636880.782881260,4.886580,-1.823043,0.972735
1403636880.833881378,4.903976,-1.835016,0.976563
1403636880.881881237,4.918589,-1.848511,0.979898
1403636880.981881380,4.950468,-1.887285,0.983302
1403636881.031881332,4.953531,-1.904965,0.984740
1403636881.080881357,4.955167,-1.923285,0.985672
1403636881.133881330,4.952989,-1.942896,0.986460
1403636881.183881283,4.948201,-1.960725,0.987249
1403636881.234881401,4.941323,-1.978177,0.987955
1403636881.283881187,4.927365,-1.991561,0.988808
1403636881.333881378,4.914600,-2.004415,0.989229
1403636881.433881283,4.886617,-2.022620,0.990507
1403636881.484881401,4.869951,-2.026406,0.991792
1403636881.580881357,4.835483,-2.023441,0.993887
1403636881.632881403,4.799510,-2.008467,0.996129
1403636881.731881380,4.768059,-1.984559,0.995583
1403636881.780881405,4.749587,-1.966108,0.995384
1403636881.831881285,4.732808,-1.943135,0.993852
1403636881.882881403,4.717940,-1.917830,0.991630
1403636881.930881262,4.706274,-1.892289,0.988756
1403636881.982881308,4.675978,-1.856644,0.987285
1403636882.033881187,4.668263,-1.828460,0.983119
1403636882.080881357,4.661125,-1.801321,0.979193
1403636882.182881355,4.657408,-1.746008,0.969421
1403636882.232881308,4.659316,-1.719081,0.964221
1403636882.283881187,4.662725,-1.696118,0.958006
1403636882.332881212,4.670994,-1.676781,0.950665
1403636882.381881237,4.680757,-1.661776,0.942760
1403636882.481881380,4.703069,-1.644572,0.927063
1403636882.532881260,4.713670,-1.642032,0.919326
1403636882.582881212,4.722832,-1.643608,0.911655
1403636882.634881258,4.730802,-1.648495,0.903742
1403636882.680881262,4.742912,-1.656950,0.896321
1403636882.729881287,4.745874,-1.664356,0.889690
1403636882.780881405,4.744326,-1.672592,0.883591
1403636882.830881357,4.739476,-1.681043,0.877522
1403636882.932881355,4.727729,-1.693417,0.862595
1403636882.981881380,4.720281,-1.698547,0.852878
1403636883.032881260,4.711630,-1.703258,0.841372
1403636883.080881357,4.695664,-1.704512,0.830305
1403636883.129881382,4.685349,-1.707348,0.818038
1403636883.231881380,4.663511,-1.712442,0.792161
1403636883.281881332,4.654045,-1.715671,0.780284
1403636883.332881212,4.644382,-1.719143,0.768018
1403636883.381881237,4.636004,-1.722442,0.756923
1403636883.433881283,4.624933,-1.724273,0.746060
1403636883.483881235,4.619185,-1.726685,0.736269
1403636883.533881187,4.613968,-1.728204,0.727811
1403636883.632881403,4.605932,-1.729362,0.714814
1403636883.733881235,4.602145,-1.729775,0.706254
1403636883.784881353,4.599440,-1.729617,0.702785
1403636883.833881378,4.596867,-1.729368,0.699896
1403636883.879881382,4.595362,-1.729505,0.697772
1403636883.932881355,4.594001,-1.729431,0.696018
1403636883.979881287,4.592824,-1.728676,0.693860
1403636884.030881405,4.591821,-1.727419,0.691624
1403636884.079881191,4.590680,-1.726579,0.689498
1403636884.131881237,4.590377,-1.726597,0.687822
1403636884.231881380,4.590683,-1.724922,0.685993
1403636884.280881405,4.592004,-1.723694,0.684740
1403636884.332881212,4.592884,-1.724083,0.684417
1403636884.379881382,4.592881,-1.724048,0.684331
1403636884.430881262,4.594676,-1.724890,0.684020
1403636884.482881308,4.595525,-1.725408,0.683799
1403636884.581881285,4.595543,-1.725287,0.683647
1403636884.631881237,4.596453,-1.725683,0.683511
1403636884.680881262,4.596469,-1.725632,0.683489
1403636884.731881380,4.596449,-1.725689,0.683498
1403636884.781881332,4.595539,-1.725304,0.683656
1403636884.832881212,4.595536,-1.725294,0.683618
1403636884.932881355,4.596483,-1.725590,0.683479
1403636884.980881214,4.596461,-1.725651,0.683485
1403636885.034881353,4.595540,-1.725291,0.683634
1403636885.082881212,4.596461,-1.725647,0.683476
1403636885.134881258,4.595549,-1.725269,0.683642
1403636885.232881308,4.595538,-1.725297,0.683638
1403636885.283881187,4.596472,-1.725620,0.683483
1403636885.334881306,4.596453,-1.725657,0.683453
1403636885.383881330,4.595534,-1.725296,0.683615
1403636885.433881283,4.595533,-1.725302,0.683619
1403636885.479881287,4.595510,-1.725353,0.683600
1403636885.531881332,4.595532,-1.725317,0.683644
1403636885.581881285,4.595514,-1.725394,0.683705
1403636885.630881310,4.595521,-1.725365,0.683684
1403636885.731881380,4.595537,-1.725342,0.683727
1403636885.779881239,4.595553,-1.725288,0.683706
1403636885.831881285,4.595544,-1.725316,0.683710
1403636885.882881403,4.595522,-1.725365,0.683692
1403636885.982881308,4.595535,-1.725341,0.683713
1403636886.032881260,4.595541,-1.725328,0.683719
1403636886.086881399,4.595563,-1.725264,0.683706
1403636886.132881403,4.595550,-1.725314,0.683740
1403636886.180881262,4.595532,-1.725335,0.683687
1403636886.232881308,4.595535,-1.725321,0.683671
1403636886.280881405,4.595551,-1.725298,0.683714
1403636886.332881212,4.595555,-1.725289,0.683720
1403636886.380881310,4.595554,-1.725289,0.683713
1403636886.480881214,4.595552,-1.725280,0.683681
1403636886.529881239,4.595551,-1.725314,0.683745
1403636886.580881357,4.595563,-1.725276,0.683738
1403636886.631881237,4.595561,-1.725284,0.683740
1403636886.732881308,4.595563,-1.725286,0.683757
1403636886.781881332,4.595577,-1.725273,0.683805
1403636886.830881357,4.595576,-1.725273,0.683802
1403636886.881881237,4.595585,-1.725240,0.683784
1403636886.932881355,4.595586,-1.725252,0.683813
1403636886.982881308,4.595589,-1.725243,0.683808
1403636887.031881332,4.595561,-1.725284,0.683738
1403636887.082881212,4.595573,-1.725269,0.683779
1403636887.182881355,4.595566,-1.725281,0.683762
1403636887.229881287,4.595568,-1.725279,0.683766
1403636887.279881239,4.595584,-1.725245,0.683785
1403636887.331881285,4.595596,-1.725230,0.683822
1403636887.381881237,4.595594,-1.725257,0.683871
1403636887.482881308,4.595600,-1.725225,0.683835
1403636887.531881332,4.595591,-1.725248,0.683834
1403636887.580881357,4.595597,-1.725220,0.683807
1403636887.630881310,4.595591,-1.725229,0.683790
1403636887.679881334,4.595575,-1.725274,0.683801
1403636887.731881380,4.595606,-1.725191,0.683797
1403636887.779881239,4.595601,-1.725250,0.683894
1403636887.834881306,4.595573,-1.725272,0.683782
1403636887.883881330,4.595589,-1.725234,0.683795
1403636887.934881210,4.595584,-1.725261,0.683821
1403636887.982881308,4.595599,-1.725216,0.683811
1403636888.032881260,4.595593,-1.725226,0.683797
1403636888.082881212,4.595560,-1.725291,0.683748
1403636888.131881237,4.595606,-1.725189,0.683791
1403636888.234881401,4.595574,-1.725270,0.683785
1403636888.331881285,4.595565,-1.725275,0.683743
1403636888.381881237,4.595609,-1.725217,0.683870
1403636888.431881189,4.595586,-1.725240,0.683788
1403636888.480881214,4.595566,-1.725278,0.683754
1403636888.531881332,4.595602,-1.725214,0.683823
1403636888.632881403,4.595598,-1.725226,0.683825
1403636888.682881355,4.595565,-1.725282,0.683758
1403636888.731881380,4.595585,-1.725229,0.683758
1403636888.782881260,4.595591,-1.725259,0.683852
1403636888.834881306,4.595579,-1.725240,0.683747
1403636888.885881186,4.595570,-1.725280,0.683785
1403636888.981881380,4.595579,-1.725247,0.683762
1403636889.080881357,4.595574,-1.725266,0.683775
1403636889.134881258,4.595573,-1.725266,0.683766
1403636889.181881189,4.595592,-1.725262,0.683867
1403636889.280881405,4.595559,-1.725293,0.683746
1403636889.330881357,4.595582,-1.725259,0.683807
1403636889.381881237,4.595573,-1.725273,0.683786
1403636889.431881189,4.595580,-1.725265,0.683808
1403636889.483881235,4.595558,-1.725283,0.683723
1403636889.533881187,4.595566,-1.725277,0.683756
1403636889.633881330,4.595573,-1.725272,0.683785
1403636889.732881308,4.595561,-1.725288,0.683746
1403636889.780881405,4.595573,-1.725293,0.683826
1403636889.830881357,4.595572,-1.725296,0.683826
1403636889.880881310,4.595570,-1.725282,0.683788
1403636889.931881189,4.596491,-1.725646,0.683644
1403636889.980881214,4.596499,-1.725615,0.683623
1403636890.033881187,4.595586,-1.725277,0.683868
1403636890.082881212,4.595562,-1.725301,0.683779
1403636890.132881403,4.595573,-1.725285,0.683810
1403636890.181881189,4.596501,-1.725637,0.683679
1403636890.232881308,4.596489,-1.725662,0.683666
1403636890.283881187,4.596490,-1.725653,0.683656
1403636890.382881403,4.595563,-1.725314,0.683817
1403636890.432881355,4.596508,-1.725628,0.683704
1403636890.480881214,4.596497,-1.725629,0.683644
1403636890.580881357,4.595574,-1.725309,0.683867
1403636890.630881310,4.596494,-1.725651,0.683672
1403636890.730881214,4.596490,-1.725650,0.683646
1403636890.782881260,4.596495,-1.725648,0.683670
1403636890.831881285,4.596493,-1.725652,0.683669
1403636890.880881310,4.596480,-1.725681,0.683658
1403636890.931881189,4.596482,-1.725672,0.683652
1403636890.981881380,4.596487,-1.725667,0.683668
1403636891.030881405,4.596497,-1.725642,0.683668
1403636891.081881285,4.596461,-1.725717,0.683623
1403636891.180881262,4.596501,-1.725648,0.683707
1403636891.233881235,4.596488,-1.725658,0.683652
1403636891.283881187,4.596498,-1.725659,0.683711
1403636891.332881212,4.596475,-1.725686,0.683641
1403636891.382881403,4.596490,-1.725658,0.683663
1403636891.483881235,4.596493,-1.725643,0.683648
1403636891.533881187,4.596488,-1.725657,0.683652
1403636891.582881212,4.596488,-1.725668,0.683675
1403636891.635881186,4.596501,-1.725638,0.683686
1403636891.731881380,4.596484,-1.725665,0.683649
1403636891.782881260,4.596504,-1.725631,0.683687
1403636891.832881212,4.596481,-1.725675,0.683648
1403636891.879881382,4.596506,-1.725617,0.683669
1403636891.930881262,4.596487,-1.725667,0.683668
1403636891.982881308,4.596480,-1.725669,0.683629
1403636892.034881353,4.596485,-1.725663,0.683644
1403636892.082881212,4.596489,-1.725672,0.683691
1403636892.182881355,4.596482,-1.725682,0.683669
1403636892.232881308,4.596523,-1.725580,0.683688
1403636892.279881239,4.596484,-1.725675,0.683668
1403636892.332881212,4.596498,-1.725640,0.683670
1403636892.379881382,4.596487,-1.725660,0.683653
1403636892.479881287,4.596515,-1.725617,0.683716
1403636892.532881260,4.596462,-1.725748,0.683695
1403636892.580881357,4.596512,-1.725613,0.683693
1403636892.630881310,4.596473,-1.725727,0.683714
1403636892.679881334,4.596508,-1.725636,0.683716
1403636892.730881214,4.596496,-1.725661,0.683702
1403636892.779881239,4.596483,-1.725678,0.683668
1403636892.833881378,4.596492,-1.725672,0.683707
1403636892.931881189,4.596495,-1.725671,0.683723
1403636892.982881308,4.596488,-1.725686,0.683712
1403636893.034881353,4.596478,-1.725716,0.683720
1403636893.083881378,4.596482,-1.725703,0.683713
1403636893.132881403,4.596489,-1.725682,0.683712
1403636893.234881401,4.596493,-1.725673,0.683715
1403636893.283881187,4.596500,-1.725656,0.683714
1403636893.334881306,4.596497,-1.725663,0.683714
1403636893.380881310,4.596508,-1.725640,0.683727
1403636893.432881355,4.596491,-1.725668,0.683692
1403636893.480881214,4.596497,-1.725663,0.683713
1403636893.530881405,4.596494,-1.725670,0.683713
1403636893.581881285,4.596488,-1.725675,0.683690
1403636893.631881237,4.596489,-1.725675,0.683697
1403636893.731881380,4.596507,-1.725643,0.683730
1403636893.782881260,4.596497,-1.725652,0.683694
1403636893.832881212,4.596486,-1.725692,0.683713
1403636893.882881403,4.596493,-1.725664,0.683693
1403636893.979881287,4.596500,-1.725659,0.683721
1403636894.032881260,4.596487,-1.725676,0.683683
1403636894.079881191,4.596486,-1.725676,0.683681
1403636894.130881310,4.596493,-1.725646,0.683655
1403636894.180881262,4.595576,-1.725323,0.683907
1403636894.231881380,4.596498,-1.725641,0.683674
1403636894.280881405,4.596474,-1.725683,0.683629
1403636894.330881357,4.596499,-1.725657,0.683713
1403636894.380881310,4.596512,-1.725605,0.683674
1403636894.482881308,4.596466,-1.725702,0.683619
1403636894.532881260,4.596496,-1.725640,0.683660
1403636894.582881212,4.596500,-1.725670,0.683747
1403636894.632881403,4.596484,-1.725676,0.683666
1403636894.733881235,4.596491,-1.725665,0.683685
1403636894.782881260,4.596503,-1.725635,0.683688
1403636894.831881285,4.596501,-1.725644,0.683694
1403636894.879881382,4.596495,-1.725653,0.683679
1403636894.931881189,4.596491,-1.725653,0.683660
1403636894.979881287,4.596498,-1.725649,0.683691
1403636895.031881332,4.596477,-1.725685,0.683648
1403636895.081881285,4.595569,-1.725296,0.683810
1403636895.182881355,4.596493,-1.725656,0.683675
1403636895.232881308,4.595556,-1.725349,0.683846
1403636895.280881405,4.596458,-1.725715,0.683601
1403636895.332881212,4.595600,-1.725264,0.683918
1403636895.380881310,4.596485,-1.725678,0.683681
1403636895.483881235,4.596487,-1.725668,0.683668
1403636895.530881405,4.596496,-1.725654,0.683692
1403636895.582881212,4.596521,-1.725613,0.683744
1403636895.630881310,4.595543,-1.725377,0.683835
1403636895.731881380,4.596491,-1.725694,0.683745
1403636895.779881239,4.596504,-1.725643,0.683714
1403636895.830881357,4.596499,-1.725665,0.683731
1403636895.879881382,4.596471,-1.725721,0.683691
1403636895.931881189,4.596497,-1.725673,0.683738
1403636895.980881214,4.595566,-1.725369,0.683946
1403636896.032881260,4.596506,-1.725665,0.683768
1403636896.079881191,4.595560,-1.725375,0.683925
1403636896.184881210,4.595583,-1.725335,0.683972
1403636896.235881329,4.595586,-1.725301,0.683918
1403636896.284881353,4.595577,-1.725298,0.683859
1403636896.332881212,4.595607,-1.725206,0.683835
1403636896.382881403,4.594718,-1.724797,0.684062
1403636896.482881308,4.595608,-1.725230,0.683889
1403636896.534881353,4.595610,-1.725246,0.683934
1403636896.580881357,4.595619,-1.725239,0.683973
1403636896.633881330,4.595612,-1.725259,0.683976
1403636896.679881334,4.595598,-1.725286,0.683950
1403636896.732881308,4.595615,-1.725268,0.684009
1403636896.779881239,4.595619,-1.725250,0.683996
1403636896.831881285,4.595610,-1.725280,0.684006
1403636896.930881262,4.595640,-1.725184,0.683975
1403636896.981881380,4.595648,-1.725208,0.684068
1403636897.031881332,4.595656,-1.725174,0.684044
1403636897.080881357,4.595660,-1.725157,0.684025
1403636897.131881237,4.595656,-1.725185,0.684067
1403636897.181881189,4.595696,-1.725142,0.684202
1403636897.280881405,4.596834,-1.725090,0.684400
1403636897.332881212,4.596952,-1.724813,0.684477
1403636897.383881330,4.597208,-1.724156,0.684531
1403636897.434881210,4.599507,-1.723601,0.684117
1403636897.481881380,4.602092,-1.722386,0.683916
1403636897.534881353,4.605110,-1.720225,0.684177
1403636897.633881330,4.613826,-1.714661,0.685036
1403636897.732881308,4.624217,-1.707862,0.686770
1403636897.782881260,4.633994,-1.705524,0.688332
1403636897.832881212,4.640368,-1.701728,0.692116
1403636897.883881330,4.646212,-1.697278,0.697759
1403636897.934881210,4.653317,-1.693031,0.705007
1403636897.982881308,4.658580,-1.688411,0.713427
1403636898.031881332,4.663917,-1.684127,0.723174
1403636898.083881378,4.669352,-1.680095,0.734246
1403636898.132881403,4.673698,-1.676031,0.745375
1403636898.232881308,4.677991,-1.668029,0.761064
1403636898.279881239,4.679790,-1.665113,0.765894
1403636898.332881212,4.679793,-1.661719,0.771923
1403636898.380881310,4.679431,-1.659220,0.777706
1403636898.432881355,4.679191,-1.656940,0.784840
1403636898.480881214,4.674125,-1.653598,0.793078
1403636898.529881239,4.672817,-1.651991,0.801977
1403636898.579881191,4.670575,-1.650327,0.811774
1403636898.680881262,4.663978,-1.647471,0.833122
1403636898.731881380,4.660422,-1.646682,0.843805
1403636898.780881405,4.656679,-1.646200,0.854073
1403636898.832881212,4.646191,-1.643859,0.865112
1403636898.880881310,4.641105,-1.643656,0.874386
1403636898.980881214,4.629586,-1.643428,0.891680
1403636899.032881260,4.623104,-1.643630,0.899900
1403636899.084881306,4.615589,-1.643423,0.907381
1403636899.132881403,4.608021,-1.643006,0.913932
1403636899.232881308,4.583456,-1.638304,0.926281
1403636899.279881239,4.574003,-1.636524,0.931125
1403636899.331881285,4.564533,-1.634824,0.936080
1403636899.380881310,4.555283,-1.632377,0.940687
1403636899.431881189,4.546253,-1.629239,0.945084
1403636899.479881287,4.537254,-1.625813,0.948909
1403636899.533881187,4.528250,-1.622457,0.952912
1403636899.631881237,4.502651,-1.610163,0.961227
1403636899.734881401,4.488459,-1.598289,0.967968
1403636899.781881332,4.481785,-1.591116,0.971234
1403636899.830881357,4.475354,-1.583231,0.974478
1403636899.880881310,4.469123,-1.574745,0.977685
1403636899.980881214,4.448732,-1.552799,0.983676
1403636900.032881260,4.442041,-1.541890,0.985079
1403636900.082881212,4.436401,-1.530705,0.985684
1403636900.131881237,4.430691,-1.519417,0.985527
1403636900.183881283,4.416596,-1.504691,0.985609
1403636900.233881235,4.412150,-1.492510,0.984913
1403636900.279881239,4.406641,-1.480685,0.985422
1403636900.333881378,4.401689,-1.468027,0.988513
1403636900.382881403,4.396878,-1.455618,0.993749
1403636900.433881283,4.393302,-1.443537,1.001743
1403636900.482881308,4.388934,-1.431247,1.011829
1403636900.532881260,4.384985,-1.418443,1.024637
1403636900.582881212,4.374288,-1.404007,1.039118
1403636900.633881330,4.371084,-1.391907,1.052289
1403636900.730881214,4.364155,-1.367808,1.075455
1403636900.779881239,4.361346,-1.356075,1.084725
1403636900.834881306,4.357853,-1.342797,1.093274
1403636900.882881403,4.352887,-1.330140,1.099761
1403636900.933881283,4.348821,-1.317414,1.104744
1403636900.982881308,4.335078,-1.301717,1.109102
1403636901.033881187,4.330146,-1.287355,1.111377
1403636901.083881378,4.324030,-1.272900,1.112210
1403636901.183881283,4.310930,-1.241900,1.110285
1403636901.231881380,4.303912,-1.225630,1.108166
1403636901.331881285,4.288551,-1.188670,1.100367
1403636901.380881310,4.268635,-1.165747,1.098353
1403636901.480881214,4.253766,-1.123642,1.096394
1403636901.531881332,4.245509,-1.100348,1.098289
1403636901.581881285,4.237401,-1.076747,1.101988
1403636901.632881403,4.229591,-1.052077,1.107158
1403636901.680881262,4.221454,-1.028201,1.112155
1403636901.731881380,4.200062,-0.999324,1.118385
1403636901.783881187,4.192073,-0.973107,1.121550
1403636901.834881306,4.183842,-0.946667,1.122965
1403636901.883881330,4.177129,-0.921247,1.122428
1403636901.934881210,4.169391,-0.894565,1.120371
1403636901.983881235,4.160194,-0.868714,1.117086
1403636902.034881353,4.152895,-0.842202,1.112187
1403636902.079881191,4.133232,-0.815526,1.107732
1403636902.132881403,4.125634,-0.787756,1.100321
1403636902.232881308,4.111581,-0.735982,1.088627
1403636902.330881357,4.097327,-0.685888,1.083737
1403636902.380881310,4.090292,-0.660316,1.083383
1403636902.479881287,4.068053,-0.607232,1.083663
1403636902.531881332,4.061205,-0.581084,1.078697
1403636902.580881357,4.055635,-0.556062,1.069609
1403636902.630881310,4.048609,-0.530055,1.056818
1403636902.681881189,4.042093,-0.504932,1.042306
1403636902.730881214,4.035312,-0.480142,1.027609
1403636902.780881405,4.020582,-0.453924,1.014568
1403636902.831881285,4.013709,-0.428618,1.001945
1403636902.880881310,4.006825,-0.404829,0.991976
1403636902.982881308,3.992327,-0.355335,0.976588
1403636903.033881187,3.986660,-0.331731,0.971933
1403636903.081881285,3.980075,-0.309364,0.969760
1403636903.133881330,3.965801,-0.285514,0.970709
1403636903.230881214,3.954350,-0.243132,0.977375
1403636903.379881382,3.929774,-0.179743,1.003111
1403636903.480881214,3.921220,-0.139301,1.026673
1403636903.529881239,3.910246,-0.119487,1.039000
1403636903.630881310,3.903199,-0.080136,1.056436
1403636903.681881189,3.898227,-0.060535,1.062752
1403636903.731881380,3.886001,-0.041306,1.068174
1403636903.782881260,3.879417,-0.022644,1.070927
1403636903.830881357,3.873546,-0.003653,1.071838
1403636903.879881382,3.867393,0.014674,1.071028
1403636903.931881189,3.859238,0.031881,1.071013
1403636903.980881214,3.850970,0.051276,1.070933
1403636904.034881353,3.842743,0.071814,1.072297
1403636904.083881378,3.835665,0.089801,1.075406
1403636904.133881330,3.819463,0.111716,1.079740
1403636904.180881262,3.811461,0.131730,1.086029
1403636904.380881310,3.770825,0.219916,1.131784
1403636904.431881189,3.761691,0.244071,1.146521
1403636904.479881287,3.751263,0.267490,1.159869
1403636904.531881332,3.742403,0.293254,1.172458
1403636904.582881212,3.733193,0.319570,1.184128
1403636904.630881310,3.723722,0.344284,1.193572
1403636904.682881355,3.715678,0.372247,1.202157
1403636904.734881401,3.699410,0.398840,1.209928
1403636904.782881260,3.690874,0.425278,1.215954
1403636904.879881382,3.674051,0.478273,1.226425
1403636904.934881210,3.664791,0.505099,1.231905
1403636904.979881287,3.657841,0.528567,1.237594
1403636905.030881405,3.648220,0.559887,1.239177
1403636905.080881357,3.638978,0.587274,1.241187
1403636905.134881258,3.626231,0.615496,1.241945
1403636905.233881235,3.608695,0.667814,1.240397
1403636905.331881285,3.591991,0.717743,1.241099
1403636905.383881330,3.582879,0.743224,1.243450
1403636905.434881210,3.572862,0.767685,1.247248
1403636905.535881281,3.550137,0.813602,1.259014
1403636905.634881258,3.529718,0.857002,1.276505
1403636905.731881380,3.507789,0.895718,1.295136
1403636905.781881332,3.497041,0.914951,1.302633
1403636905.832881212,3.486035,0.934242,1.308347
1403636905.881881237,3.467401,0.950175,1.312187
1403636905.980881214,3.442205,0.984689,1.313432
1403636906.034881353,3.427733,1.001868,1.311175
1403636906.080881357,3.414917,1.016450,1.308271
1403636906.131881237,3.400402,1.032439,1.303079
1403636906.181881189,3.385008,1.047319,1.297014
1403636906.280881405,3.343558,1.072900,1.283716
1403636906.330881357,3.327086,1.086867,1.278158
1403636906.431881189,3.292388,1.113974,1.273132
1403636906.480881214,3.275384,1.126634,1.273440
1403636906.531881332,3.245032,1.135243,1.276523
1403636906.580881357,3.226820,1.148399,1.280095
1403636906.631881237,3.208282,1.162328,1.284603
1403636906.679881334,3.189876,1.175663,1.289635
1403636906.729881287,3.171110,1.189537,1.294043
1403636906.781881332,3.151972,1.203786,1.296841
1403636906.833881378,3.132663,1.217899,1.298179
1403636906.881881237,3.103966,1.228052,1.298731
1403636906.981881380,3.066999,1.257426,1.294279
1403636907.032881260,3.048288,1.273182,1.290406
1403636907.084881306,3.029652,1.288472,1.287104
1403636907.133881330,3.011771,1.304416,1.285227
1403636907.179881334,2.993786,1.318027,1.285051
1403636907.231881380,2.964905,1.329065,1.287101
1403636907.280881405,2.945434,1.343244,1.289029
1403636907.329881191,2.925721,1.357518,1.290285
1403636907.431881189,2.885129,1.386647,1.287040
1403636907.479881287,2.864874,1.400429,1.284241
1403636907.531881332,2.831400,1.408975,1.281609
1403636907.634881258,2.785906,1.438632,1.280140
1403636907.733881235,2.736644,1.473045,1.287973
1403636907.782881260,2.713955,1.485963,1.291739
1403636907.832881212,2.689014,1.503126,1.299528
1403636907.881881237,2.662603,1.520547,1.309038
1403636907.982881308,2.597499,1.553130,1.331075
1403636908.032881260,2.569121,1.573743,1.338676
1403636908.083881378,2.541155,1.594495,1.342153
1403636908.131881237,2.514114,1.614734,1.342827
1403636908.181881189,2.486378,1.637073,1.341725
1403636908.233881235,2.457954,1.659690,1.340116
1403636908.282881260,2.420885,1.676627,1.339997
1403636908.334881306,2.391370,1.699609,1.340995
1403636908.381881237,2.363571,1.721319,1.343360
1403636908.479881287,2.307426,1.765123,1.347825
1403636908.531881332,2.278322,1.788016,1.348352
1403636908.579881191,2.250559,1.809984,1.347188
1403636908.630881310,2.221709,1.832499,1.344580
1403636908.731881380,2.160612,1.871566,1.337211
1403636908.781881332,2.131419,1.892424,1.334032
1403636908.830881357,2.103786,1.914031,1.332369
1403636908.880881310,2.074873,1.935097,1.332691
1403636908.930881262,2.044886,1.955398,1.335249
1403636908.981881380,2.014522,1.977037,1.339763
1403636909.035881281,1.979867,1.995393,1.346773
1403636909.082881212,1.949933,2.015539,1.355267
1403636909.181881189,1.888183,2.057245,1.376512
1403636909.232881308,1.854873,2.079948,1.388229
1403636909.282881260,1.822481,2.102273,1.398126
1403636909.335881233,1.787993,2.124224,1.406483
1403636909.383881330,1.751568,2.143018,1.413099
1403636909.480881214,1.684154,2.187895,1.421994
1403636909.534881353,1.645853,2.213210,1.424813
1403636909.580881357,1.612868,2.234931,1.425908
1403636909.631881237,1.575331,2.259106,1.425855
1403636909.682881355,1.537387,2.282632,1.424237
1403636909.731881380,1.501015,2.306618,1.421409
1403636909.781881332,1.463014,2.330743,1.416717
1403636909.832881212,1.424630,2.356516,1.410633
1403636909.880881310,1.389017,2.379729,1.403690
1403636909.931881189,1.351578,2.405413,1.394890
1403636909.981881380,1.314540,2.428812,1.384851
1403636910.032881260,1.277352,2.452525,1.373420
1403636910.082881212,1.241271,2.474796,1.361008
1403636910.131881237,1.208179,2.500316,1.347049
1403636910.231881380,1.139854,2.541359,1.319390
1403636910.284881353,1.103448,2.561870,1.306208
1403636910.332881212,1.070638,2.581445,1.295557
1403636910.382881403,1.038728,2.599161,1.286990
1403636910.431881189,1.007778,2.619311,1.279689
1403636910.482881308,0.975821,2.635233,1.274605
1403636910.582881212,0.913772,2.665473,1.269941
1403636910.633881330,0.882399,2.680265,1.270129
1403636910.682881355,0.852179,2.694303,1.270932
1403636910.729881287,0.822661,2.707677,1.271175
1403636910.780881405,0.793087,2.724731,1.269802
1403636910.831881285,0.761880,2.738583,1.266901
1403636910.880881310,0.731750,2.751598,1.262449
1403636910.980881214,0.669796,2.776515,1.249473
1403636911.031881332,0.638331,2.789315,1.240920
1403636911.081881285,0.607754,2.801443,1.231798
1403636911.129881382,0.579694,2.820777,1.221851
1403636911.231881380,0.521615,2.844922,1.207193
1403636911.284881353,0.491900,2.857900,1.202648
1403636911.331881285,0.460723,2.869861,1.199216
1403636911.380881310,0.435472,2.881024,1.200226
1403636911.432881355,0.408547,2.893304,1.202329
1403636911.482881308,0.388147,2.909352,1.202884
1403636911.633881330,0.308182,2.972148,1.220468
1403636911.781881332,0.231828,2.993090,1.241889
1403636911.883881330,0.180051,3.006347,1.249541
1403636911.931881189,0.155120,3.018903,1.250922
1403636911.980881214,0.130524,3.029111,1.250987
1403636912.032881260,0.104416,3.040019,1.249240
1403636912.079881191,0.080638,3.062522,1.245565
1403636912.131881237,0.054706,3.073768,1.241180
1403636912.232881308,0.002653,3.097324,1.229311
1403636912.279881239,-0.021269,3.108766,1.223264
1403636912.334881306,-0.048665,3.122014,1.217679
1403636912.379881382,-0.072141,3.136295,1.214035
1403636912.432881355,-0.098846,3.150450,1.211989
1403636912.481881380,-0.124586,3.177568,1.210808
1403636912.531881332,-0.150004,3.190663,1.212138
1403636912.580881357,-0.175655,3.203566,1.213638
1403636912.680881262,-0.226058,3.234566,1.212999
1403636912.733881235,-0.252243,3.247498,1.210348
1403636912.783881187,-0.278214,3.281141,1.204660
1403636912.832881212,-0.303755,3.297552,1.199349
1403636912.931881189,-0.352927,3.331801,1.185884
1403636912.979881287,-0.376391,3.348678,1.177801
1403636913.032881260,-0.402020,3.365981,1.167890
1403636913.082881212,-0.428850,3.406959,1.154970
1403636913.134881258,-0.452660,3.424992,1.143361
1403636913.232881308,-0.497914,3.463809,1.118612
1403636913.282881260,-0.520202,3.485678,1.106917
1403636913.333881378,-0.541856,3.506669,1.096671
1403636913.382881403,-0.562220,3.528008,1.088584
1403636913.433881283,-0.586322,3.570991,1.079651
1403636913.531881332,-0.623686,3.612924,1.073046
1403636913.631881237,-0.659109,3.653683,1.072952
1403636913.732881308,-0.694302,3.699194,1.071168
1403636913.783881187,-0.715476,3.741697,1.065930
1403636913.834881306,-0.732652,3.764519,1.061498
1403636913.880881310,-0.748128,3.786525,1.056336
1403636913.980881214,-0.780569,3.832160,1.045765
1403636914.034881353,-0.796964,3.853037,1.042200
1403636914.082881212,-0.811979,3.875446,1.040738
1403636914.131881237,-0.831181,3.917439,1.038588
1403636914.233881235,-0.862362,3.965870,1.043480
1403636914.281881332,-0.875868,3.986045,1.047565
1403636914.331881285,-0.890241,4.008007,1.051204
1403636914.382881403,-0.904294,4.029842,1.053324
1403636914.430881262,-0.917947,4.050580,1.054253
1403636914.482881308,-0.937160,4.096407,1.051162
1403636914.533881187,-0.950819,4.117907,1.050007
1403636914.630881310,-0.976610,4.161362,1.049077
1403636914.679881334,-0.989274,4.183342,1.050661
1403636914.729881287,-1.001654,4.203554,1.054578
1403636914.779881239,-1.013883,4.224984,1.060122
1403636914.831881285,-1.031063,4.266909,1.065736
1403636914.880881310,-1.042679,4.287723,1.074533
1403636914.980881214,-1.065650,4.328192,1.091322
1403636915.031881332,-1.076835,4.347749,1.097739
1403636915.080881357,-1.087648,4.366160,1.102167
1403636915.129881382,-1.098699,4.385403,1.105202
1403636915.233881235,-1.125691,4.441755,1.105320
1403636915.282881260,-1.136176,4.458671,1.104233
1403636915.330881357,-1.147381,4.477350,1.101835
1403636915.381881237,-1.158659,4.493824,1.098274
1403636915.430881262,-1.170611,4.510015,1.093634
1403636915.481881380,-1.183520,4.526895,1.088060
1403636915.531881332,-1.202240,4.563730,1.079252
1403636915.631881237,-1.229763,4.594631,1.065678
1403636915.730881214,-1.258441,4.626725,1.057966
1403636915.782881260,-1.274224,4.644164,1.056806
1403636915.833881378,-1.290040,4.661775,1.057803
1403636915.883881330,-1.310405,4.695850,1.059186
1403636915.980881214,-1.346410,4.752274,1.068358
1403636916.083881378,-1.371424,4.772044,1.089385
1403636916.132881403,-1.385241,4.789774,1.099156
1403636916.181881189,-1.398915,4.809434,1.106974
1403636916.232881308,-1.418951,4.849972,1.112055
1403636916.283881187,-1.432670,4.870415,1.117462
1403636916.334881306,-1.445909,4.889836,1.121625
1403636916.381881237,-1.458174,4.909512,1.125570
1403636916.432881355,-1.470557,4.929237,1.130820
1403636916.483881235,-1.482916,4.949055,1.137466
1403636916.534881353,-1.494875,4.966999,1.145813
1403636916.579881191,-1.512033,5.004126,1.151867
1403636916.632881403,-1.524063,5.021950,1.159511
1403636916.734881401,-1.547286,5.056429,1.170066
1403636916.831881285,-1.569331,5.088770,1.175223
1403636916.879881382,-1.580897,5.106222,1.176070
1403636916.931881189,-1.591873,5.120616,1.175545
1403636916.981881380,-1.607670,5.150145,1.172749
1403636917.032881260,-1.618655,5.163303,1.169595
1403636917.133881330,-1.640894,5.190297,1.159280
1403636917.183881283,-1.651132,5.201318,1.152488
1403636917.232881308,-1.661564,5.212178,1.144437
1403636917.282881260,-1.671918,5.222975,1.135394
1403636917.333881378,-1.686214,5.246032,1.124410
1403636917.383881330,-1.696011,5.255765,1.113351
1403636917.482881308,-1.715659,5.274797,1.086954
1403636917.579881191,-1.733866,5.291727,1.056746
1403636917.631881237,-1.742994,5.299939,1.039603
1403636917.731881380,-1.763417,5.325154,1.007034
1403636917.783881187,-1.771415,5.331768,0.993064
1403636917.834881306,-1.778979,5.337630,0.981152
1403636917.880881310,-1.786191,5.344891,0.971766
1403636917.934881210,-1.791992,5.349560,0.963684
1403636917.980881214,-1.798311,5.355371,0.958256
1403636918.031881332,-1.806472,5.360632,0.953595
1403636918.081881285,-1.814367,5.371483,0.950961
1403636918.130881310,-1.820310,5.375696,0.949585
1403636918.231881380,-1.830864,5.382177,0.944256
1403636918.280881405,-1.836115,5.385203,0.939505
1403636918.331881285,-1.841465,5.388084,0.933754
1403636918.382881403,-1.846488,5.389038,0.928881
1403636918.430881262,-1.852455,5.392984,0.925283
1403636918.481881380,-1.857678,5.393159,0.923841
1403636918.582881212,-1.870789,5.393209,0.926924
1403636918.633881330,-1.878151,5.392199,0.931507
1403636918.681881189,-1.884409,5.391779,0.938169
1403636918.832881212,-1.918447,5.390287,0.968316
1403636919.031881332,-1.967080,5.382891,1.031608
1403636919.133881330,-1.992196,5.380026,1.069539
1403636919.181881189,-2.003662,5.381477,1.087801
1403636919.233881235,-2.014742,5.382066,1.108085
1403636919.282881260,-2.026675,5.389675,1.127556
1403636919.333881378,-2.036142,5.393930,1.148375
1403636919.380881310,-2.043874,5.398723,1.168761
1403636919.431881189,-2.050846,5.404830,1.189849
1403636919.480881214,-2.055997,5.411434,1.208973
1403636919.529881239,-2.060110,5.418324,1.227325
1403636919.580881357,-2.063499,5.426437,1.244450
1403636919.632881403,-2.068739,5.442287,1.259985
1403636919.732881308,-2.070878,5.459702,1.286427
1403636919.781881332,-2.070636,5.468763,1.297132
1403636919.832881212,-2.069902,5.477938,1.306495
1403636919.883881330,-2.068007,5.487468,1.314018
1403636919.980881214,-2.065313,5.511248,1.323809
1403636920.033881187,-2.061045,5.519343,1.326641
1403636920.083881378,-2.056754,5.527380,1.327652
1403636920.132881403,-2.051556,5.534627,1.327007
1403636920.180881262,-2.045910,5.543049,1.324916
1403636920.231881380,-2.038593,5.550967,1.321557
1403636920.282881260,-2.029291,5.563804,1.316770
1403636920.330881357,-2.023222,5.572188,1.310415
1403636920.380881310,-2.013755,5.578585,1.303990
1403636920.430881262,-2.000292,5.586334,1.296135
1403636920.481881380,-1.990321,5.591680,1.287038
1403636920.531881332,-1.978739,5.598584,1.277059
1403636920.580881357,-1.965028,5.605170,1.268135
1403636920.633881330,-1.950423,5.612078,1.260744
1403636920.683881283,-1.935540,5.618065,1.255594
1403636920.731881380,-1.920003,5.623263,1.252602
1403636920.831881285,-1.887728,5.632092,1.253134
1403636920.881881237,-1.873197,5.634962,1.256117
1403636920.931881189,-1.857655,5.638204,1.260957
1403636921.031881332,-1.826560,5.642661,1.276024
1403636921.131881237,-1.798644,5.648172,1.295833
1403636921.180881262,-1.785403,5.649525,1.304374
1403636921.231881380,-1.772352,5.650738,1.311759
1403636921.281881332,-1.759484,5.650761,1.317673
1403636921.334881306,-1.746716,5.651722,1.322163
1403636921.382881403,-1.734894,5.652305,1.324805
1403636921.433881283,-1.723093,5.652814,1.326013
1403636921.482881308,-1.711397,5.653228,1.325966
1403636921.579881191,-1.688272,5.653790,1.322025
1403636921.630881310,-1.674716,5.651450,1.318549
1403636921.732881308,-1.648642,5.652504,1.307837
1403636921.780881405,-1.635738,5.652899,1.301246
1403636921.831881285,-1.622384,5.653331,1.293080
1403636921.881881237,-1.609428,5.654623,1.284267
1403636921.934881210,-1.595664,5.656057,1.274386
1403636921.982881308,-1.582802,5.656171,1.265007
1403636922.033881187,-1.569818,5.659359,1.254888
1403636922.082881212,-1.557317,5.662359,1.244658
1403636922.182881355,-1.533478,5.668864,1.222641
1403636922.233881235,-1.522101,5.672389,1.211077
1403636922.280881405,-1.511967,5.676667,1.201337
1403636922.334881306,-1.501024,5.682181,1.192048
1403636922.383881330,-1.491491,5.686410,1.185620
1403636922.480881214,-1.473500,5.692800,1.179033
1403636922.530881405,-1.464846,5.697015,1.177509
1403636922.581881285,-1.456827,5.700000,1.175673
1403636922.632881403,-1.449374,5.702750,1.172464
1403636922.680881262,-1.442902,5.705163,1.167959
1403636922.729881287,-1.437878,5.710199,1.161750
1403636922.779881239,-1.432812,5.713104,1.154502
1403636922.831881285,-1.427752,5.714902,1.146311
1403636922.881881237,-1.424243,5.717252,1.136889
1403636922.932881355,-1.420318,5.718660,1.127551
1403636922.979881287,-1.416442,5.721188,1.119986
1403636923.033881187,-1.412725,5.724721,1.112786
1403636923.079881191,-1.409014,5.726372,1.108440
1403636923.180881262,-1.398893,5.729635,1.104803
1403636923.230881214,-1.392817,5.730031,1.104040
1403636923.279881239,-1.386099,5.731546,1.102394
1403636923.330881357,-1.378700,5.733106,1.099174
1403636923.379881382,-1.370282,5.732748,1.094692
1403636923.480881214,-1.353006,5.734883,1.081649
1403636923.530881405,-1.344234,5.736365,1.073761
1403636923.582881212,-1.334985,5.737819,1.064372
1403636923.633881330,-1.325960,5.739138,1.054297
1403636923.731881380,-1.311287,5.746171,1.035597
1403636923.782881260,-1.304854,5.749148,1.028907
1403636923.833881378,-1.299795,5.754042,1.024457
1403636923.881881237,-1.295832,5.757876,1.022710
1403636923.931881189,-1.293125,5.763654,1.023045
1403636923.982881308,-1.291924,5.769220,1.024935
1403636924.032881260,-1.292078,5.775518,1.026933
1403636924.080881357,-1.295606,5.792234,1.027301
1403636924.134881258,-1.298685,5.799790,1.027556
1403636924.233881235,-1.308456,5.817849,1.023753
1403636924.283881187,-1.315284,5.827309,1.019931
1403636924.335881233,-1.323191,5.837449,1.014919
1403636924.380881310,-1.335747,5.861886,1.009057
1403636924.481881380,-1.358543,5.886658,0.998595
1403636924.531881332,-1.371342,5.899949,0.995961
1403636924.579881191,-1.384402,5.913347,0.995460
1403636924.631881237,-1.398679,5.927646,0.997007
1403636924.681881189,-1.412737,5.941097,1.000353
1403636924.734881401,-1.427324,5.955559,1.005250
1403636924.780881405,-1.445692,5.991624,1.008157
1403636924.833881378,-1.459654,6.007142,1.012079
1403636924.882881403,-1.472278,6.023856,1.014227
1403636924.980881214,-1.494723,6.059594,1.013419
1403636925.034881353,-1.504607,6.078586,1.010141
1403636925.081881285,-1.512745,6.097892,1.005456
1403636925.131881237,-1.523636,6.133819,0.997534
1403636925.180881262,-1.529856,6.155366,0.989248
1403636925.231881380,-1.534636,6.176076,0.979135
1403636925.282881260,-1.538637,6.196854,0.967690
1403636925.334881306,-1.541505,6.216765,0.955120
1403636925.382881403,-1.543860,6.236755,0.942235
1403636925.482881308,-1.553007,6.297908,0.911916
1403636925.534881353,-1.555139,6.317632,0.896356
1403636925.579881191,-1.558249,6.338204,0.881670
1403636925.632881403,-1.562051,6.359474,0.865569
1403636925.681881189,-1.572720,6.403913,0.849975
1403636925.732881308,-1.579851,6.427834,0.837927
1403636925.779881239,-1.587824,6.450752,0.828308
1403636925.833881378,-1.598255,6.475315,0.820489
1403636925.883881330,-1.610537,6.500725,0.815295
1403636925.982881308,-1.639654,6.551118,0.811809
1403636926.033881187,-1.656426,6.576068,0.813177
1403636926.133881330,-1.706508,6.676426,0.813611
1403636926.233881235,-1.739985,6.700632,0.820090
1403636926.283881187,-1.761769,6.730162,0.819149
1403636926.334881306,-1.782480,6.754599,0.816693
1403636926.381881237,-1.802709,6.782049,0.812202
1403636926.431881189,-1.831006,6.837032,0.803302
1403636926.533881187,-1.868613,6.883539,0.787353
1403636926.582881212,-1.886000,6.908963,0.776872
1403636926.633881330,-1.901715,6.930609,0.765967
1403636926.681881189,-1.916276,6.953610,0.755219
1403636926.731881380,-1.936208,6.997897,0.742991
1403636926.780881405,-1.947909,7.017790,0.735050
1403636926.831881285,-1.958396,7.037215,0.729376
1403636926.882881403,-1.967829,7.057157,0.725766
1403636926.934881210,-1.976210,7.077625,0.724300
1403636926.980881214,-1.983247,7.097587,0.724325
1403636927.029881239,-1.994572,7.136141,0.723931
1403636927.081881285,-1.999518,7.155906,0.726407
1403636927.131881237,-2.004944,7.179530,0.727206
1403636927.231881380,-2.010721,7.219572,0.726320
1403636927.280881405,-2.012061,7.237718,0.723851
1403636927.334881306,-2.013586,7.257775,0.720243
1403636927.382881403,-2.018880,7.300260,0.711810
1403636927.482881308,-2.018393,7.343627,0.696944
1403636927.580881357,-2.017699,7.388712,0.678556
1403636927.629881382,-2.016709,7.410744,0.668063
1403636927.679881334,-2.022400,7.456664,0.654537
1403636927.729881287,-2.022151,7.480539,0.643947
1403636927.829881191,-2.022944,7.529625,0.628635
1403636927.879881382,-2.025114,7.557656,0.623815
1403636927.929881334,-2.027520,7.584885,0.621641
1403636927.981881380,-2.031148,7.614110,0.621559
1403636928.032881260,-2.043587,7.673945,0.618351
1403636928.083881378,-2.048822,7.704789,0.618020
1403636928.181881189,-2.062959,7.773415,0.613751
1403636928.233881235,-2.070641,7.806373,0.610302
1403636928.281881332,-2.078390,7.839238,0.606191
1403636928.333881378,-2.096807,7.911324,0.596611
1403636928.382881403,-2.105674,7.946761,0.590279
1403636928.481881380,-2.124851,8.022043,0.574042
1403636928.579881191,-2.143694,8.094928,0.554398
1403636928.631881237,-2.152759,8.129880,0.544430
1403636928.731881380,-2.179315,8.232944,0.524505
1403636928.779881239,-2.187829,8.266513,0.519276
1403636928.831881285,-2.196458,8.300271,0.515893
1403636928.881881237,-2.205513,8.335161,0.514232
1403636928.931881189,-2.214317,8.367262,0.514850
1403636928.979881287,-2.222823,8.398590,0.517105
1403636929.232881308,-2.278415,8.594034,0.553282
1403636929.334881306,-2.298608,8.666461,0.579973
1403636929.383881330,-2.308685,8.705742,0.593253
1403636929.433881283,-2.316095,8.737470,0.607426
1403636929.481881380,-2.321844,8.765286,0.620003
1403636929.532881260,-2.327870,8.796997,0.630952
1403636929.582881212,-2.339744,8.853742,0.637686
1403636929.682881355,-2.346172,8.909573,0.652623
1403636929.735881329,-2.348295,8.937529,0.657672
1403636929.779881239,-2.350523,8.964244,0.660954
1403636929.831881285,-2.351477,8.990155,0.663236
1403636929.881881237,-2.358259,9.040163,0.662085
1403636929.982881308,-2.359251,9.089496,0.659854
1403636930.032881260,-2.359054,9.113182,0.657468
1403636930.083881378,-2.359589,9.137747,0.655460
1403636930.134881258,-2.359248,9.161648,0.655092
1403636930.182881355,-2.359214,9.184580,0.656364
1403636930.283881187,-2.363107,9.247399,0.662948
1403636930.331881285,-2.362733,9.270919,0.669976
1403636930.431881189,-2.358604,9.309909,0.689184
1403636930.481881380,-2.355736,9.330277,0.700885
1403636930.530881405,-2.352803,9.349673,0.713445
1403636930.580881357,-2.353076,9.382524,0.723653
1403636930.631881237,-2.349443,9.402917,0.734242
1403636930.730881214,-2.340711,9.438417,0.750190
1403636930.780881405,-2.335609,9.455597,0.755481
1403636930.832881212,-2.329956,9.472795,0.759451
1403636930.883881330,-2.327594,9.504457,0.760769
1403636930.933881283,-2.321060,9.521611,0.761702
1403636931.033881187,-2.306138,9.552949,0.759841
1403636931.080881357,-2.297507,9.568240,0.757308
1403636931.130881310,-2.287206,9.583818,0.753537
1403636931.229881287,-2.267457,9.630884,0.741983
1403636931.279881239,-2.253698,9.644046,0.737319
1403636931.330881357,-2.239155,9.657485,0.734233
1403636931.380881310,-2.223440,9.670271,0.732893
1403636931.432881355,-2.205476,9.683677,0.733337
1403636931.481881380,-2.189598,9.704882,0.734892
1403636931.533881187,-2.170569,9.715662,0.739213
1403636931.632881403,-2.133754,9.735038,0.751564
1403636931.729881287,-2.097503,9.748328,0.768850
1403636931.781881332,-2.079508,9.753845,0.777390
1403636931.833881378,-2.061628,9.756146,0.784936
1403636931.883881330,-2.044231,9.758192,0.790897
1403636931.933881283,-2.027256,9.758987,0.795390
1403636931.980881214,-2.011628,9.759344,0.798088
1403636932.079881191,-1.981189,9.757417,0.798529
1403636932.135881186,-1.964285,9.750440,0.796205
1403636932.229881287,-1.935849,9.742227,0.787786
1403636932.279881239,-1.921236,9.736479,0.781454
1403636932.331881285,-1.905950,9.729736,0.774028
1403636932.431881189,-1.877828,9.715983,0.762892
1403636932.481881380,-1.864472,9.708117,0.759917
1403636932.533881187,-1.851009,9.699368,0.758670
1403636932.581881285,-1.835555,9.673898,0.760917
1403636932.630881310,-1.822800,9.661211,0.763658
1403636932.732881308,-1.799828,9.633761,0.775366
1403636932.779881239,-1.789891,9.619910,0.783600
1403636932.979881287,-1.745106,9.509770,0.838048
1403636933.082881212,-1.729654,9.475935,0.868205
1403636933.134881258,-1.720624,9.447773,0.879556
1403636933.180881262,-1.712882,9.424111,0.885566
1403636933.230881214,-1.705147,9.399203,0.888131
1403636933.281881332,-1.697230,9.373106,0.887584
1403636933.331881285,-1.685474,9.324269,0.886885
1403636933.381881237,-1.678664,9.300825,0.883336
1403636933.433881283,-1.668653,9.255598,0.880497
1403636933.531881332,-1.659664,9.225734,0.866733
1403636933.581881285,-1.654314,9.205786,0.858908
1403636933.634881258,-1.644853,9.161151,0.851715
1403636933.733881235,-1.635113,9.118903,0.834756
1403636933.830881357,-1.626574,9.078877,0.823746
1403636933.882881403,-1.622470,9.059014,0.820743
1403636933.934881210,-1.619138,9.041201,0.819770
1403636933.982881308,-1.611811,9.002951,0.821986
1403636934.083881378,-1.605023,8.966997,0.828939
1403636934.131881237,-1.601504,8.948659,0.834123
1403636934.184881210,-1.598211,8.931274,0.838976
1403636934.231881380,-1.594210,8.910781,0.841425
1403636934.281881332,-1.590471,8.890987,0.840188
1403636934.331881285,-1.583456,8.853235,0.836178
1403636934.381881237,-1.579825,8.834946,0.828205
1403636934.482881308,-1.570170,8.790207,0.807061
1403636934.530881405,-1.565166,8.769846,0.796058
1403636934.581881285,-1.559957,8.749553,0.785660
1403636934.632881403,-1.554197,8.727432,0.776808
1403636934.682881355,-1.544594,8.683891,0.771914
1403636934.731881380,-1.538063,8.660234,0.767662
1403636934.780881405,-1.530644,8.634867,0.765486
1403636934.882881403,-1.514376,8.589958,0.766802
1403636934.934881210,-1.505701,8.567378,0.770889
1403636934.983881235,-1.496627,8.545024,0.776843
1403636935.231881380,-1.442000,8.412730,0.836289
1403636935.280881405,-1.431906,8.392340,0.852782
1403636935.332881212,-1.420371,8.367193,0.870805
1403636935.382881403,-1.409472,8.344809,0.886882
1403636935.432881355,-1.399013,8.326283,0.901508
1403636935.482881308,-1.388402,8.305618,0.914637
1403636935.532881260,-1.373720,8.264264,0.927701
1403636935.631881237,-1.352488,8.227282,0.944653
1403636935.732881308,-1.329332,8.187068,0.954854
1403636935.781881332,-1.317794,8.167771,0.957177
1403636935.831881285,-1.301778,8.125842,0.959546
1403636935.883881330,-1.289109,8.105486,0.958786
1403636935.932881355,-1.276107,8.086096,0.956667
1403636935.983881235,-1.263505,8.069568,0.953008
1403636936.033881187,-1.248713,8.044114,0.947559
1403636936.083881378,-1.234084,8.024604,0.940753
1403636936.132881403,-1.219322,8.008041,0.932654
1403636936.232881308,-1.185074,7.955141,0.914898
1403636936.283881187,-1.169123,7.941466,0.903693
1403636936.330881357,-1.153389,7.927760,0.893066
1403636936.380881310,-1.136146,7.914225,0.882376
1403636936.429881334,-1.118384,7.901853,0.873227
1403636936.481881380,-1.099754,7.890709,0.865815
1403636936.530881405,-1.079787,7.870813,0.861146
1403636936.583881378,-1.060405,7.862004,0.857368
1403636936.631881237,-1.042006,7.854195,0.855568
1403636936.732881308,-1.003238,7.841031,0.855518
1403636936.781881332,-0.984238,7.834338,0.855527
1403636936.830881357,-0.964776,7.828557,0.854145
1403636936.881881237,-0.944520,7.815661,0.851649
1403636936.981881380,-0.906830,7.804181,0.842200
1403636937.032881260,-0.887497,7.798903,0.837116
1403636937.083881378,-0.868868,7.792634,0.833740
1403636937.134881258,-0.850394,7.787462,0.832081
1403636937.181881189,-0.833351,7.782249,0.832201
1403636937.232881308,-0.814796,7.770341,0.835175
1403636937.334881306,-0.780198,7.762607,0.844827
1403636937.379881382,-0.764379,7.756555,0.850068
1403636937.432881355,-0.746881,7.750590,0.854808
1403636937.481881380,-0.731069,7.746282,0.857591
1403636937.533881187,-0.714696,7.741866,0.858827
1403636937.579881191,-0.699532,7.737189,0.858623
1403636937.633881330,-0.681985,7.727543,0.857043
1403636937.733881235,-0.650933,7.719473,0.848953
1403636937.783881187,-0.636174,7.715168,0.843051
1403636937.831881285,-0.622300,7.711639,0.835659
1403636937.882881403,-0.607953,7.707943,0.826286
1403636937.934881210,-0.594535,7.704041,0.815830
1403636937.982881308,-0.581449,7.694994,0.804849
1403636938.032881260,-0.569717,7.690700,0.792293
1403636938.082881212,-0.559348,7.687165,0.778575
1403636938.182881355,-0.542470,7.677524,0.749409
1403636938.233881235,-0.535336,7.671342,0.732768
1403636938.283881187,-0.529640,7.664981,0.715770
1403636938.335881233,-0.524539,7.652500,0.698887
1403636938.383881330,-0.521921,7.644017,0.683692
1403636938.483881235,-0.516288,7.623389,0.657343
1403636938.533881187,-0.513640,7.610347,0.647281
1403636938.583881378,-0.510983,7.597470,0.638826
1403636938.635881186,-0.507620,7.582789,0.631937
1403636938.735881329,-0.497537,7.534314,0.625672
1403636938.785881281,-0.490561,7.515393,0.623870
1403636938.835881233,-0.482079,7.495752,0.623759
1403636938.885881186,-0.471877,7.475345,0.624854
1403636938.935881376,-0.460060,7.455113,0.626689
1403636938.982881308,-0.447666,7.432985,0.629392
1403636939.033881187,-0.431967,7.388204,0.635219
1403636939.087881327,-0.415476,7.366330,0.638409
1403636939.132881403,-0.399467,7.344333,0.641043
1403636939.234881401,-0.363786,7.299957,0.642255
1403636939.332881212,-0.327141,7.255888,0.638492
1403636939.382881403,-0.307188,7.210165,0.636583
1403636939.432881355,-0.288047,7.188142,0.631289
1403636939.483881235,-0.268848,7.166937,0.624872
1403636939.533881187,-0.249618,7.144664,0.618433
1403636939.583881378,-0.230275,7.122456,0.612969
1403636939.633881330,-0.211016,7.101344,0.608683
1403636939.734881401,-0.171707,7.030843,0.608875
1403636939.782881260,-0.153695,7.007245,0.610316
1403636939.836881399,-0.133723,6.982813,0.613180
1403636939.884881258,-0.115524,6.957402,0.616936
1403636939.932881355,-0.098031,6.930837,0.619985
1403636939.983881235,-0.079769,6.878256,0.624823
1403636940.033881187,-0.061473,6.851200,0.624638
1403636940.084881306,-0.043304,6.824864,0.622590
1403636940.183881283,-0.008219,6.766420,0.614126
1403636940.235881329,0.010249,6.737265,0.607222
1403636940.282881260,0.027258,6.675285,0.604286
1403636940.332881212,0.045471,6.644759,0.595681
1403636940.434881210,0.083038,6.580955,0.574979
1403636940.483881235,0.101323,6.547808,0.563857
1403636940.533881187,0.120484,6.514338,0.551251
1403636940.582881212,0.138959,6.448095,0.543281
1403636940.634881258,0.163317,6.415278,0.530578
1403636940.734881401,0.198005,6.297799,0.516769
1403636940.834881306,0.242848,6.261939,0.498531
1403636940.884881258,0.264710,6.228067,0.495127
1403636940.935881376,0.288293,6.192273,0.493475
1403636940.982881308,0.309808,6.158870,0.494081
1403636941.084881306,0.355586,6.061778,0.505110
1403636941.136881351,0.379543,6.030787,0.510728
1403636941.182881355,0.402383,6.000947,0.517392
1403636941.234881401,0.427275,5.971154,0.525871
1403636941.285881281,0.451545,5.938477,0.535829
1403636941.336881399,0.472988,5.876263,0.551020
1403636941.384881258,0.497054,5.847451,0.561174
1403636941.484881401,0.543719,5.792210,0.578782
1403636941.533881187,0.566940,5.762687,0.586257
1403636941.582881212,0.589493,5.731883,0.592394
1403636941.634881258,0.610080,5.675168,0.601459
1403636941.734881401,0.655989,5.618894,0.606671
1403636941.783881187,0.677576,5.590009,0.607878
1403636941.835881233,0.699776,5.560756,0.607976
1403636941.883881330,0.720936,5.532363,0.606983
1403636941.935881376,0.742617,5.502845,0.606495
1403636941.983881235,0.763118,5.473619,0.607535
1403636942.035881281,0.781110,5.418910,0.613929
1403636942.084881306,0.801182,5.390989,0.617671
1403636942.184881210,0.841907,5.333465,0.629946
1403636942.233881235,0.862504,5.305743,0.637450
1403636942.285881281,0.883057,5.276029,0.646018
1403636942.336881399,0.904029,5.247033,0.653881
1403636942.384881258,0.919333,5.194605,0.664040
1403636942.485881329,0.961723,5.136695,0.671896
1403636942.536881208,0.983670,5.106981,0.673257
1403636942.633881330,1.026554,5.049738,0.671818
1403636942.683881283,1.049274,5.019727,0.668753
1403636942.734881401,1.072985,4.989159,0.664650
1403636942.783881187,1.091753,4.938143,0.663195
1403636942.835881233,1.117097,4.909527,0.656671
1403636942.885881186,1.141579,4.879805,0.649867
1403636942.984881401,1.192634,4.822470,0.637048
1403636943.035881281,1.219412,4.793031,0.632917
1403636943.084881306,1.245634,4.764919,0.630839
1403636943.135881186,1.267714,4.717667,0.634247
1403636943.233881235,1.320167,4.663179,0.640074
1403636943.282881260,1.347313,4.636209,0.644907
1403636943.334881306,1.374393,4.609012,0.649727
1403636943.384881258,1.400437,4.580669,0.653719
1403636943.434881210,1.426782,4.552802,0.656348
1403636943.485881329,1.447167,4.506651,0.660670
1403636943.535881281,1.473231,4.478856,0.660132
1403636943.636881351,1.522912,4.422478,0.654520
1403636943.735881329,1.569649,4.364023,0.643522
1403636943.784881353,1.592894,4.334573,0.635851
1403636943.834881306,1.615977,4.306790,0.626683
1403636943.884881258,1.630976,4.260610,0.620341
1403636943.934881210,1.653126,4.231007,0.608512
1403636943.983881235,1.672968,4.201976,0.596412
1403636944.034881353,1.694324,4.171592,0.582147
1403636944.085881233,1.714411,4.142408,0.567356
1403636944.134881258,1.734264,4.113920,0.551625
1403636944.185881376,1.753360,4.085368,0.535519
1403636944.236881256,1.767577,4.044975,0.522961
1403636944.283881187,1.785205,4.019435,0.509769
1403636944.335881233,1.805318,3.992683,0.497184
1403636944.435881376,1.844152,3.946491,0.479076
1403636944.482881308,1.862504,3.926207,0.473601
1403636944.583881378,1.901942,3.888319,0.466858
1403636944.634881258,1.918078,3.866503,0.466435
1403636944.733881235,1.955656,3.834695,0.469817
1403636944.782881260,1.972623,3.821042,0.472911
1403636944.836881399,1.987555,3.803260,0.478712
1403636944.935881376,2.019554,3.782670,0.490989
1403636944.984881401,2.029015,3.764072,0.501500
1403636945.035881281,2.040811,3.751177,0.512220
1403636945.084881306,2.051313,3.738929,0.523063
1403636945.134881258,2.060832,3.725801,0.533260
1403636945.182881355,2.068529,3.712771,0.540201
1403636945.233881235,2.076687,3.699632,0.543371
1403636945.286881208,2.083724,3.686050,0.542577
1403636945.335881233,2.086433,3.666595,0.541672
1403636945.387881279,2.091704,3.652201,0.538787
1403636945.485881329,2.100013,3.623598,0.533813
1403636945.535881281,2.102895,3.608893,0.533917
1403636945.585881233,2.105379,3.594852,0.535732
1403636945.633881330,2.106514,3.579546,0.538837
1403636945.684881210,2.107415,3.564304,0.541747
1403636945.735881329,2.102056,3.538846,0.546189
1403636945.836881399,2.101838,3.511337,0.545649
1403636945.884881258,2.100775,3.498027,0.542804
1403636945.935881376,2.099056,3.484745,0.538697
1403636945.981881380,2.096817,3.472708,0.533697
1403636946.033881187,2.094822,3.461175,0.526816
1403636946.085881233,2.088056,3.443039,0.520502
1403636946.185881376,2.081551,3.423318,0.501075
1403636946.235881329,2.078265,3.415728,0.488981
1403636946.285881281,2.073659,3.407411,0.476002
1403636946.336881399,2.069292,3.400631,0.460819
1403636946.382881403,2.062983,3.391665,0.446760
1403636946.483881235,2.051341,3.379473,0.408891
1403636946.536881208,2.044135,3.372871,0.386442
1403636946.582881212,2.037781,3.367531,0.366177
1403636946.635881186,2.029749,3.361313,0.340826
1403636946.685881376,2.021448,3.355437,0.316612
1403636946.736881256,2.011990,3.348748,0.292168
1403636946.785881281,2.001718,3.341067,0.270934
1403636946.836881399,1.991804,3.334264,0.249819
1403636946.936881304,1.974662,3.319867,0.214161
1403636946.985881329,1.966838,3.312477,0.199020
1403636947.033881187,1.959184,3.304172,0.185165
1403636947.085881233,1.952698,3.295464,0.169190
1403636947.134881258,1.947324,3.283898,0.154122
1403636947.234881401,1.943654,3.265303,0.119061
1403636947.282881260,1.943701,3.255517,0.101981
1403636947.334881306,1.945446,3.246042,0.085368
1403636947.384881258,1.948617,3.236774,0.071420
1403636947.435881376,1.953260,3.227415,0.059463
1403636947.484881401,1.960228,3.221097,0.049216
1403636947.534881353,1.968433,3.214896,0.041023
1403636947.633881330,1.986318,3.206946,0.031164
1403636947.735881329,2.007836,3.202900,0.029524
1403636947.934881210,2.059203,3.226812,0.033602
1403636948.033881187,2.076641,3.235575,0.035495
1403636948.084881306,2.085936,3.242896,0.033956
1403636948.134881258,2.095042,3.251145,0.031398
1403636948.235881329,2.121402,3.285830,0.016205
1403636948.284881353,2.129439,3.299268,0.009525
1403636948.335881233,2.135726,3.312336,0.002349
1403636948.385881186,2.141821,3.327502,-0.006087
1403636948.436881304,2.147269,3.344017,-0.015257
1403636948.485881329,2.151236,3.360074,-0.024713
1403636948.535881281,2.164597,3.394285,-0.042500
1403636948.582881212,2.166761,3.412335,-0.052823
1403636948.685881376,2.165516,3.454065,-0.076982
1403636948.736881256,2.163020,3.477541,-0.089896
1403636948.835881233,2.151716,3.525855,-0.112482
1403636948.882881403,2.144438,3.551389,-0.121242
1403636948.984881401,2.130988,3.618968,-0.138699
1403636949.034881353,2.116361,3.645127,-0.141008
1403636949.084881306,2.102821,3.675233,-0.143744
1403636949.133881330,2.086888,3.701200,-0.144530
1403636949.184881210,2.070593,3.727795,-0.146683
1403636949.234881401,2.051951,3.752904,-0.149123
1403636949.285881281,2.040466,3.791413,-0.158925
1403636949.337881327,2.021927,3.817140,-0.164407
1403636949.435881376,1.985770,3.864058,-0.177734
1403636949.486881256,1.968889,3.886885,-0.186582
1403636949.537881374,1.950538,3.907673,-0.195905
1403636949.586881399,1.939798,3.940683,-0.212129
1403636949.686881304,1.905386,3.978502,-0.234944
1403636949.737881184,1.888438,3.996348,-0.245256
1403636949.781881332,1.874234,4.013469,-0.253971
1403636949.836881399,1.857341,4.031052,-0.261518
1403636949.883881330,1.843482,4.046870,-0.266935
1403636949.982881308,1.819051,4.085599,-0.276431
1403636950.034881353,1.805917,4.100505,-0.277175
1403636950.084881306,1.793656,4.115441,-0.276784
1403636950.134881258,1.782925,4.132419,-0.275381
1403636950.183881283,1.773399,4.149343,-0.272724
1403636950.234881401,1.763394,4.164812,-0.268321
1403636950.284881353,1.754365,4.180655,-0.264653
1403636950.335881233,1.749265,4.206538,-0.266228
1403636950.385881186,1.742382,4.225553,-0.266428
1403636950.485881329,1.728569,4.263390,-0.269766
1403636950.536881208,1.721971,4.283168,-0.273074
1403636950.582881212,1.716968,4.302893,-0.277657
1403636950.635881186,1.709599,4.323241,-0.282917
1403636950.737881184,1.696741,4.381812,-0.303719
1403636950.782881260,1.693670,4.402816,-0.308570
1403636950.833881378,1.686402,4.423858,-0.311580
1403636950.883881330,1.676988,4.444851,-0.313773
1403636950.934881210,1.668101,4.469044,-0.315887
1403636950.982881308,1.657920,4.490682,-0.316874
1403636951.035881281,1.647851,4.514585,-0.314782
1403636951.085881233,1.641336,4.548596,-0.315236
1403636951.136881351,1.628777,4.568991,-0.309506
1403636951.235881329,1.606237,4.610411,-0.296247
1403636951.282881260,1.595770,4.630450,-0.288809
1403636951.335881233,1.583788,4.651054,-0.281006
1403636951.382881403,1.574014,4.671734,-0.276677
1403636951.432881355,1.562760,4.691679,-0.272442
1403636951.482881308,1.556468,4.724236,-0.274705
1403636951.534881353,1.546528,4.745547,-0.274224
1403636951.636881351,1.527274,4.787801,-0.276212
1403636951.735881329,1.509697,4.829363,-0.281071
1403636951.785881281,1.507153,4.869638,-0.291422
1403636951.835881233,1.498983,4.892840,-0.295487
1403636951.885881186,1.491552,4.918127,-0.299168
1403636951.935881376,1.483803,4.944137,-0.301005
1403636951.983881235,1.476887,4.970404,-0.301309
1403636952.032881260,1.468165,4.996068,-0.298497
1403636952.082881212,1.460198,5.024946,-0.295129
1403636952.133881330,1.456433,5.073581,-0.297524
1403636952.233881235,1.436895,5.130723,-0.291204
1403636952.283881187,1.426545,5.159031,-0.290496
1403636952.335881233,1.415548,5.187923,-0.291559
1403636952.382881403,1.404466,5.215109,-0.294266
1403636952.433881283,1.392594,5.243019,-0.298459
1403636952.483881235,1.386769,5.293358,-0.311835
1403636952.533881187,1.374048,5.318439,-0.318194
1403636952.584881306,1.360973,5.344989,-0.326687
1403636952.636881351,1.347266,5.369171,-0.336014
1403636952.682881355,1.335412,5.394568,-0.346593
1403636952.735881329,1.321968,5.422657,-0.359772
1403636952.783881187,1.314522,5.465251,-0.376814
1403636952.832881212,1.300789,5.487020,-0.386102
1403636952.882881403,1.286846,5.508192,-0.393932
1403636952.986881256,1.257959,5.552781,-0.406334
1403636953.036881208,1.243902,5.574884,-0.410979
1403636953.082881212,1.231008,5.596539,-0.416005
1403636953.136881351,1.219874,5.634839,-0.427874
1403636953.235881329,1.193620,5.675657,-0.444699
1403636953.284881353,1.181551,5.696101,-0.455281
1403636953.335881233,1.170416,5.722717,-0.469145
1403636953.384881258,1.159128,5.743230,-0.481909
1403636953.434881210,1.148616,5.764479,-0.495076
1403636953.483881235,1.138892,5.785856,-0.507304
1403636953.534881353,1.133254,5.826252,-0.524354
1403636953.634881258,1.116875,5.870157,-0.540222
1403636953.735881329,1.101738,5.913272,-0.548117
1403636953.786881208,1.094372,5.937624,-0.549985
1403636953.835881233,1.091042,5.983941,-0.557531
1403636953.886881351,1.083082,6.007687,-0.555051
1403636953.935881376,1.074789,6.032881,-0.551524
1403636953.982881308,1.066084,6.058562,-0.546637
1403636954.033881187,1.056220,6.084249,-0.538988
1403636954.084881306,1.046263,6.112280,-0.530555
1403636954.135881186,1.038935,6.159239,-0.527822
1403636954.235881329,1.015419,6.217236,-0.512181
1403636954.283881187,1.003306,6.245453,-0.506590
1403636954.335881233,0.989970,6.275658,-0.501805
1403636954.381881237,0.977320,6.306313,-0.498368
1403636954.434881210,0.966463,6.360098,-0.501134
1403636954.482881308,0.952486,6.390386,-0.495658
1403636954.534881353,0.936790,6.421601,-0.487743
1403636954.582881212,0.922461,6.452599,-0.479563
1403636954.633881330,0.906834,6.485290,-0.469575
1403636954.683881283,0.891018,6.517099,-0.458723
1403636954.734881401,0.874717,6.551817,-0.448533
1403636954.783881187,0.862373,6.613151,-0.449260
1403636954.833881378,0.846009,6.647821,-0.445665
1403636954.883881330,0.829630,6.684120,-0.446991
1403636954.936881304,0.811241,6.716922,-0.450113
1403636955.034881353,0.777131,6.785989,-0.464260
1403636955.084881306,0.762925,6.852413,-0.482707
1403636955.134881258,0.744540,6.887012,-0.493109
1403636955.234881401,0.706504,6.956025,-0.514265
1403636955.284881353,0.686830,6.990828,-0.523669
1403636955.334881306,0.666756,7.024146,-0.530843
1403636955.383881330,0.649920,7.089433,-0.545430
1403636955.485881329,0.606890,7.159369,-0.551469
1403636955.536881208,0.584630,7.192662,-0.550968
1403636955.585881233,0.562914,7.226714,-0.550970
1403636955.635881186,0.540278,7.261516,-0.551921
1403636955.685881376,0.517141,7.294868,-0.554108
1403636955.736881256,0.495093,7.357600,-0.565983
1403636955.785881281,0.471330,7.389124,-0.570451
1403636955.835881233,0.446856,7.422357,-0.576074
1403636955.883881330,0.415410,7.454566,-0.582702
1403636955.934881210,0.395503,7.486487,-0.583947
1403636955.984881401,0.370498,7.514544,-0.584802
1403636956.032881260,0.348363,7.613377,-0.603047
1403636956.135881186,0.293895,7.648755,-0.588395
1403636956.185881376,0.268583,7.678331,-0.582202
1403636956.233881235,0.244812,7.707950,-0.575249
1403636956.283881187,0.220469,7.736958,-0.566372
1403636956.335881233,0.196563,7.764801,-0.557514
1403636956.384881258,0.174470,7.792900,-0.551047
1403636956.432881355,0.153402,7.844594,-0.552770
1403636956.483881235,0.130982,7.871647,-0.549685
1403636956.534881353,0.109292,7.901117,-0.548892
1403636956.635881186,0.068166,7.953668,-0.551176
1403636956.685881376,0.048327,7.978756,-0.554572
1403636956.736881256,0.029015,8.024731,-0.564872
1403636956.784881353,0.010800,8.047023,-0.570711
1403636956.835881233,-0.008077,8.068998,-0.577620
1403636956.883881330,-0.025548,8.091739,-0.585407
1403636956.933881283,-0.044558,8.112665,-0.592045
1403636956.983881235,-0.060853,8.132952,-0.597068
1403636957.035881281,-0.077902,8.170188,-0.604293
1403636957.083881378,-0.093852,8.188377,-0.605193
1403636957.137881279,-0.110149,8.206175,-0.603445
1403636957.234881401,-0.138565,8.239653,-0.595970
1403636957.282881260,-0.152128,8.255453,-0.589691
1403636957.333881378,-0.166311,8.270667,-0.581463
1403636957.384881258,-0.180477,8.297667,-0.575418
1403636957.483881235,-0.206249,8.324965,-0.558571
1403636957.536881208,-0.219820,8.337569,-0.552010
1403636957.581881285,-0.231897,8.351472,-0.548601
1403636957.637881279,-0.245921,8.362996,-0.546172
1403636957.682881355,-0.257811,8.374919,-0.546489
1403636957.734881401,-0.271345,8.387384,-0.548523
1403636957.782881260,-0.284288,8.410049,-0.555177
1403636957.834881306,-0.297640,8.420629,-0.560571
1403636957.884881258,-0.310265,8.430849,-0.567458
1403636957.937881231,-0.324199,8.454264,-0.579072
1403636958.035881281,-0.346494,8.465506,-0.596765
1403636958.082881212,-0.357203,8.475997,-0.606716
1403636958.137881279,-0.369074,8.490396,-0.617269
1403636958.185881376,-0.378705,8.498624,-0.623938
1403636958.236881256,-0.388210,8.507343,-0.628617
1403636958.285881281,-0.397112,8.516525,-0.631519
1403636958.336881399,-0.405417,8.526369,-0.631852
1403636958.385881186,-0.413146,8.543550,-0.631813
1403636958.435881376,-0.420033,8.552478,-0.627759
1403636958.535881281,-0.433107,8.575592,-0.615096
1403636958.584881306,-0.439026,8.586749,-0.606244
1403636958.634881258,-0.444641,8.596016,-0.596674
1403636958.683881283,-0.450052,8.606009,-0.588327
1403636958.735881329,-0.455496,8.615722,-0.581072
1403636958.785881281,-0.461311,8.634856,-0.577325
1403636958.837881327,-0.467082,8.646064,-0.572245
1403636958.883881330,-0.472203,8.656886,-0.568890
1403636958.982881308,-0.483324,8.679145,-0.563637
1403636959.033881187,-0.489257,8.688468,-0.561990
1403636959.083881378,-0.495692,8.699447,-0.561902
1403636959.134881258,-0.501969,8.710104,-0.563192
1403636959.234881401,-0.515833,8.743078,-0.572667
1403636959.284881353,-0.522860,8.753726,-0.578095
1403636959.335881233,-0.530351,8.764936,-0.585356
1403636959.385881186,-0.537908,8.781759,-0.594939
1403636959.485881329,-0.555123,8.804279,-0.616877
1403636959.535881281,-0.564373,8.813920,-0.630026
1403636959.582881212,-0.572797,8.823580,-0.643231
1403636959.632881403,-0.582911,8.833491,-0.659098
1403636959.734881401,-0.603850,8.862945,-0.693079
1403636959.783881187,-0.614323,8.869405,-0.705763
1403636959.833881378,-0.625573,8.878183,-0.717124
1403636959.883881330,-0.637168,8.885485,-0.725945
1403636959.934881210,-0.649375,8.893185,-0.732933
1403636959.985881329,-0.662380,8.909042,-0.740064
1403636960.035881281,-0.674437,8.916661,-0.743171
1403636960.084881306,-0.686137,8.923723,-0.744435
1403636960.185881376,-0.710825,8.937933,-0.741923
1403636960.234881401,-0.722855,8.945112,-0.738310
1403636960.284881353,-0.737027,8.967120,-0.736645
1403636960.383881330,-0.761993,8.972814,-0.726151
1403636960.433881283,-0.776007,8.978439,-0.723637
1403636960.485881329,-0.790516,8.985569,-0.723138
1403636960.535881281,-0.805705,8.991294,-0.723800
1403636960.586881399,-0.820437,8.995721,-0.725603
1403636960.632881403,-0.835543,9.000871,-0.728432
1403636960.682881355,-0.852284,9.005516,-0.732579
1403636960.733881235,-0.870586,9.014538,-0.739209
1403636960.783881187,-0.888396,9.017466,-0.745422
1403636960.832881212,-0.907012,9.020102,-0.752334
1403636960.882881403,-0.925684,9.020431,-0.759998
1403636960.933881283,-0.945201,9.020378,-0.768659
1403636960.982881308,-0.964824,9.020119,-0.777899
1403636961.033881187,-0.985300,9.018448,-0.788047
1403636961.084881306,-1.006570,9.019537,-0.799012
1403636961.135881186,-1.027288,9.015970,-0.807897
1403636961.186881304,-1.047706,9.012817,-0.815078
1403636961.237881184,-1.068195,9.009917,-0.821040
1403636961.284881353,-1.087714,9.007491,-0.825422
1403636961.336881399,-1.108057,9.004325,-0.828077
1403636961.381881237,-1.126553,9.000800,-0.828808
1403636961.434881210,-1.146308,8.996530,-0.827627
1403636961.537881374,-1.185272,8.990250,-0.820297
1403636961.634881258,-1.220056,8.978027,-0.805199
1403636961.733881235,-1.255577,8.971374,-0.783545
1403636961.784881353,-1.272723,8.967195,-0.769978
1403636961.834881306,-1.289882,8.962369,-0.754625
1403636961.884881258,-1.306415,8.956932,-0.737687
1403636961.933881283,-1.322452,8.949603,-0.720039
1403636961.982881308,-1.338101,8.942868,-0.704194
1403636962.034881353,-1.354689,8.937649,-0.689855
1403636962.084881306,-1.370347,8.932106,-0.677213
1403636962.184881210,-1.401481,8.920945,-0.656121
1403636962.237881184,-1.417456,8.915378,-0.647160
1403636962.286881208,-1.431168,8.903043,-0.637398
1403636962.335881233,-1.445740,8.895672,-0.627919
1403636962.385881186,-1.460293,8.889535,-0.617501
1403636962.433881283,-1.473876,8.881764,-0.605717
1403636962.482881308,-1.487640,8.874445,-0.591738
1403636962.537881374,-1.502746,8.867479,-0.575099
1403636962.582881212,-1.513525,8.849099,-0.556782
1403636962.633881330,-1.527245,8.839665,-0.537888
1403636962.733881235,-1.553764,8.820193,-0.498130
1403636962.781881332,-1.566498,8.809745,-0.479116
1403636962.833881378,-1.579446,8.797053,-0.460417
1403636962.883881330,-1.592292,8.784831,-0.444126
1403636962.934881210,-1.605088,8.771239,-0.429171
1403636962.983881235,-1.614262,8.741814,-0.413372
1403636963.033881187,-1.626401,8.727437,-0.402207
1403636963.135881186,-1.649675,8.693644,-0.384355
1403636963.184881210,-1.659867,8.676431,-0.377980
1403636963.234881401,-1.669473,8.657015,-0.372583
1403636963.284881353,-1.675357,8.619064,-0.364650
1403636963.336881399,-1.684769,8.598062,-0.361759
1403636963.435881376,-1.700587,8.557923,-0.359458
1403636963.484881401,-1.706694,8.535886,-0.359310
1403636963.536881208,-1.712394,8.513594,-0.360631
1403636963.585881233,-1.712862,8.471273,-0.358111
1403636963.685881376,-1.720417,8.426040,-0.362188
1403636963.736881256,-1.723665,8.404372,-0.362704
1403636963.785881281,-1.725953,8.382273,-0.361303
1403636963.835881233,-1.727678,8.358640,-0.357896
1403636963.882881403,-1.728114,8.334647,-0.352587
1403636963.934881210,-1.729610,8.312811,-0.345969
1403636963.983881235,-1.725518,8.268437,-0.333093
1403636964.034881353,-1.725729,8.246448,-0.323615
1403636964.134881258,-1.724601,8.200719,-0.299779
1403636964.183881283,-1.723468,8.177882,-0.285833
1403636964.234881401,-1.716980,8.130500,-0.264972
1403636964.283881187,-1.714724,8.106208,-0.249078
1403636964.333881378,-1.711864,8.080951,-0.233345
1403636964.432881355,-1.705582,8.032449,-0.207516
1403636964.484881401,-1.701699,8.006335,-0.196696
1403636964.535881281,-1.691797,7.955119,-0.182253
1403636964.583881378,-1.686964,7.929477,-0.175072
1403636964.632881403,-1.681849,7.903589,-0.169338
1403636964.733881235,-1.670088,7.847255,-0.161214
1403636964.783881187,-1.663829,7.818729,-0.159223
1403636964.833881378,-1.650995,7.760344,-0.151980
1403636964.883881330,-1.643681,7.729454,-0.152304
1403636964.982881308,-1.626847,7.663472,-0.155144
1403636965.034881353,-1.617095,7.628759,-0.156108
1403636965.085881233,-1.606743,7.593465,-0.155479
1403636965.135881186,-1.596053,7.558510,-0.153598
1403636965.235881329,-1.564141,7.444919,-0.135047
1403636965.284881353,-1.550845,7.405525,-0.127255
1403636965.335881233,-1.536593,7.365608,-0.117978
1403636965.385881186,-1.524106,7.323606,-0.106985
1403636965.437881231,-1.511536,7.284970,-0.095004
1403636965.484881401,-1.499191,7.242540,-0.081036
1403636965.582881212,-1.462949,7.088248,-0.032812
1403636965.682881355,-1.451289,7.029397,0.002633
1403636965.734881401,-1.444005,6.992063,0.026050
1403636965.784881353,-1.438427,6.944536,0.052416
1403636965.833881378,-1.431537,6.892500,0.081062
1403636965.885881186,-1.427384,6.847755,0.107626
1403636965.934881210,-1.414922,6.759185,0.140861
1403636965.983881235,-1.413050,6.720010,0.161661
1403636966.033881187,-1.410618,6.677618,0.181539
1403636966.084881306,-1.407941,6.634937,0.199810
1403636966.137881279,-1.406274,6.596817,0.215994
1403636966.185881376,-1.402045,6.556771,0.230237
1403636966.236881256,-1.383061,6.479123,0.249029
1403636966.284881353,-1.378162,6.438596,0.260081
1403636966.337881327,-1.377319,6.399139,0.270432
1403636966.437881231,-1.369693,6.318489,0.286367
1403636966.535881281,-1.339172,6.167819,0.307662
1403636966.635881186,-1.328427,6.123469,0.303280
1403636966.686881304,-1.317696,6.082918,0.302457
1403636966.737881184,-1.303803,6.031698,0.302266
1403636966.781881332,-1.293595,5.999684,0.297936
1403636966.833881378,-1.281735,5.965568,0.291874
1403636966.882881403,-1.268925,5.930688,0.286328
1403636966.934881210,-1.254820,5.898195,0.281060
1403636966.984881401,-1.240181,5.866256,0.278063
1403636967.034881353,-1.217019,5.799468,0.284523
1403636967.084881306,-1.200672,5.769698,0.285426
1403636967.135881186,-1.183102,5.739415,0.287748
1403636967.233881235,-1.146454,5.679804,0.290904
1403636967.285881281,-1.126179,5.650329,0.289981
1403636967.336881399,-1.105692,5.622538,0.287228
1403636967.382881403,-1.080075,5.564767,0.290764
1403636967.483881235,-1.034303,5.509742,0.280191
1403636967.536881208,-1.011373,5.482592,0.274697
1403636967.585881233,-0.987422,5.455150,0.272076
1403636967.633881330,-0.962990,5.428170,0.271464
1403636967.733881235,-0.910416,5.374569,0.274657
1403636967.782881260,-0.878089,5.316888,0.285111
1403636967.835881233,-0.848571,5.290885,0.286654
1403636967.885881186,-0.819387,5.262977,0.285199
1403636967.984881401,-0.759772,5.208054,0.269303
1403636968.034881353,-0.728189,5.181055,0.254627
1403636968.085881233,-0.696127,5.152318,0.237790
1403636968.135881186,-0.659441,5.098988,0.225133
1403636968.235881329,-0.591594,5.041899,0.184549
1403636968.284881353,-0.557537,5.014556,0.164734
1403636968.335881233,-0.520138,4.985803,0.143514
1403636968.432881355,-0.447617,4.932075,0.108393
1403636968.483881235,-0.406605,4.879212,0.100727
1403636968.533881187,-0.366567,4.851419,0.087467
1403636968.583881378,-0.326725,4.823117,0.077386
1403636968.632881403,-0.285922,4.795968,0.068701
1403636968.682881355,-0.243955,4.768196,0.062471
1403636968.733881235,-0.200449,4.741502,0.057411
1403636968.783881187,-0.157173,4.713064,0.054863
1403636968.832881212,-0.113327,4.658833,0.061593
1403636968.883881330,-0.068911,4.631892,0.059698
1403636968.984881401,0.022832,4.576708,0.052711
1403636969.033881187,0.068930,4.547184,0.050410
1403636969.084881306,0.115789,4.517637,0.049667
1403636969.134881258,0.164559,4.487968,0.050375
1403636969.234881401,0.260193,4.403228,0.066025
1403636969.283881187,0.307955,4.372707,0.072399
1403636969.333881378,0.357172,4.344823,0.079260
1403636969.384881258,0.407053,4.314936,0.088502
1403636969.434881210,0.455996,4.285023,0.099314
1403636969.482881308,0.502724,4.255070,0.111126
1403636969.535881281,0.551662,4.202166,0.133263
1403636969.586881399,0.598647,4.172763,0.147491
1403636969.636881351,0.642469,4.143649,0.159747
1403636969.684881210,0.690413,4.109929,0.174782
1403636969.735881329,0.737507,4.082512,0.184579
1403636969.835881233,0.825280,4.021925,0.201578
1403636969.883881330,0.861304,3.973351,0.214096
1403636969.985881329,0.943349,3.912197,0.222781
1403636970.035881281,0.983427,3.882534,0.225166
1403636970.086881399,1.021483,3.852192,0.225547
1403636970.133881330,1.056698,3.821844,0.225127
1403636970.182881355,1.092859,3.791316,0.223141
1403636970.234881401,1.129766,3.759510,0.219561
1403636970.284881353,1.160940,3.713757,0.219923
1403636970.334881306,1.197155,3.682773,0.214874
1403636970.433881283,1.266106,3.621895,0.206017
1403636970.484881401,1.301314,3.591090,0.201947
1403636970.535881281,1.336025,3.559076,0.198669
1403636970.585881233,1.369847,3.529083,0.195305
1403636970.635881186,1.398290,3.485661,0.197428
1403636970.734881401,1.462349,3.424662,0.194151
1403636970.785881281,1.493863,3.392627,0.194454
1403636970.837881327,1.524524,3.361156,0.196565
1403636970.882881403,1.549897,3.331369,0.200964
1403636970.936881304,1.572079,3.284405,0.212614
1403636971.082881212,1.638623,3.193322,0.227393
1403636971.135881186,1.659770,3.160637,0.229921
1403636971.185881376,1.676564,3.130585,0.231124
1403636971.235881329,1.692137,3.101306,0.230306
1403636971.284881353,1.698520,3.059169,0.233754
1403636971.335881233,1.711380,3.030825,0.229834
1403636971.384881258,1.721881,3.004353,0.224815
1403636971.484881401,1.740271,2.954419,0.211034
1403636971.582881212,1.752922,2.910713,0.194011
1403636971.634881258,1.758692,2.889875,0.183370
1403636971.736881256,1.763820,2.848869,0.161518
1403636971.785881281,1.768898,2.833541,0.149209
1403636971.836881399,1.773282,2.818764,0.134781
1403636971.885881186,1.776980,2.805587,0.120430
1403636971.935881376,1.780960,2.793756,0.104253
1403636971.985881329,1.784366,2.782419,0.088618
1403636972.035881281,1.788879,2.772541,0.072439
1403636972.083881378,1.792893,2.763189,0.059400
1403636972.185881376,1.803973,2.745945,0.035469
1403636972.233881235,1.809641,2.737956,0.027525
1403636972.334881306,1.823466,2.724821,0.015379
1403636972.383881330,1.829846,2.719072,0.012690
1403636972.482881308,1.844721,2.711012,0.011511
1403636972.533881187,1.852194,2.707217,0.013885
1403636972.633881330,1.867277,2.703306,0.023248
1403636972.734881401,1.880663,2.700769,0.040572
1403636972.783881187,1.886874,2.699451,0.051119
1403636972.834881306,1.892417,2.697655,0.062495
1403636972.885881186,1.898257,2.697157,0.071792
1403636972.936881304,1.904789,2.697744,0.079100
1403636972.984881401,1.910194,2.697122,0.085188
1403636973.084881306,1.921978,2.697533,0.091776
1403636973.133881330,1.927141,2.697070,0.092832
1403636973.235881329,1.939095,2.699429,0.088158
1403636973.283881187,1.943846,2.699408,0.084420
1403636973.334881306,1.948813,2.699977,0.079563
1403636973.386881351,1.952783,2.699020,0.073012
1403636973.435881376,1.956755,2.698867,0.065476
1403636973.484881401,1.960198,2.698569,0.056983
1403636973.535881281,1.966362,2.702575,0.045171
1403636973.635881186,1.971486,2.701859,0.023337
1403636973.685881376,1.974022,2.701485,0.011222
1403636973.736881256,1.976180,2.700560,-0.002304
1403636973.782881260,1.978758,2.700828,-0.015479
1403636973.834881306,1.980528,2.699787,-0.029519
1403636973.882881403,1.985924,2.703521,-0.044779
1403636973.982881308,1.990509,2.700865,-0.064934
1403636974.033881187,1.992803,2.699196,-0.071979
1403636974.084881306,1.995334,2.697315,-0.076705
1403636974.133881330,1.998941,2.696613,-0.080390
1403636974.185881376,2.002072,2.694759,-0.081935
1403636974.233881235,2.005391,2.693506,-0.082212
1403636974.285881281,2.009010,2.693058,-0.083077
1403636974.336881399,2.011368,2.692565,-0.085614
1403636974.435881376,2.019671,2.688261,-0.091730
1403636974.486881256,2.022792,2.686830,-0.097187
1403636974.582881212,2.027664,2.683884,-0.112225
1403636974.633881330,2.029873,2.681980,-0.121845
1403636974.735881329,2.037057,2.682016,-0.147187
1403636974.784881353,2.039030,2.680065,-0.159264
1403636974.836881399,2.038366,2.678186,-0.172119
1403636974.885881186,2.043006,2.676241,-0.183032
1403636974.935881376,2.044362,2.673877,-0.191831
1403636974.986881256,2.046024,2.672527,-0.198625
1403636975.037881374,2.048609,2.672803,-0.203949
1403636975.082881212,2.049513,2.672087,-0.206198
1403636975.183881283,2.051105,2.672897,-0.205229
1403636975.233881235,2.052091,2.674976,-0.202997
1403636975.333881378,2.052225,2.679146,-0.198492
1403636975.383881330,2.051806,2.681471,-0.197554
1403636975.483881235,2.051885,2.689114,-0.200962
1403636975.534881353,2.051396,2.692752,-0.204703
1403636975.582881212,2.050507,2.696059,-0.209436
1403636975.634881258,2.049659,2.699989,-0.215345
1403636975.735881329,2.046464,2.706288,-0.226932
1403636975.784881353,2.047135,2.712406,-0.231977
1403636975.834881306,2.044871,2.715046,-0.232716
1403636975.884881258,2.042222,2.717849,-0.231446
1403636975.983881235,2.036504,2.725009,-0.224711
1403636976.035881281,2.032769,2.729518,-0.219770
1403636976.085881233,2.027917,2.733236,-0.215151
1403636976.133881330,2.022173,2.735909,-0.211004
1403636976.183881283,2.017330,2.740669,-0.209101
1403636976.283881187,2.007154,2.750005,-0.208315
1403636976.335881233,2.001877,2.755493,-0.210124
1403636976.385881186,1.997934,2.761746,-0.213564
1403636976.483881235,1.993292,2.777394,-0.224868
1403636976.535881281,1.991492,2.784136,-0.231619
1403636976.585881233,1.990138,2.793062,-0.238748
1403636976.635881186,1.990306,2.801420,-0.247232
1403636976.685881376,1.990549,2.809447,-0.256138
1403636976.734881401,1.991650,2.817558,-0.266112
1403636976.783881187,1.993620,2.825724,-0.277186
1403636976.832881212,2.003270,2.844110,-0.296181
1403636976.883881330,2.006899,2.853175,-0.310455
1403636976.982881308,2.014644,2.871560,-0.342255
1403636977.032881260,2.018366,2.880701,-0.358321
1403636977.083881378,2.022390,2.890376,-0.373185
1403636977.133881330,2.034268,2.910759,-0.392866
1403636977.233881235,2.043067,2.932310,-0.411907
1403636977.285881281,2.047784,2.944607,-0.417682
1403636977.335881233,2.052749,2.957868,-0.421706
1403636977.382881403,2.057022,2.970329,-0.423437
1403636977.436881304,2.072504,3.000868,-0.434185
1403636977.486881256,2.076092,3.013662,-0.433953
1403636977.533881187,2.080812,3.028446,-0.435800
1403636977.584881306,2.085032,3.043093,-0.438374
1403636977.635881186,2.090498,3.059627,-0.443076
1403636977.735881329,2.101401,3.092204,-0.455390
1403636977.786881208,2.116352,3.122078,-0.471911
1403636977.838881254,2.122065,3.138398,-0.480946
1403636977.884881258,2.129234,3.155516,-0.491464
1403636977.933881283,2.136091,3.172419,-0.502648
1403636977.983881235,2.143707,3.189517,-0.514862
1403636978.035881281,2.150982,3.205545,-0.526971
1403636978.085881233,2.159739,3.222729,-0.539976
1403636978.135881186,2.180110,3.256315,-0.562037
1403636978.234881401,2.199400,3.290071,-0.578525
1403636978.284881353,2.209121,3.306476,-0.583129
1403636978.337881327,2.220146,3.324303,-0.586229
1403636978.386881351,2.232148,3.343438,-0.588338
1403636978.434881210,2.243083,3.360834,-0.587822
1403636978.482881308,2.254457,3.378865,-0.585758
1403636978.533881187,2.273495,3.408944,-0.588653
1403636978.582881212,2.283935,3.426982,-0.583030
1403636978.634881258,2.293989,3.446008,-0.576093
1403636978.734881401,2.311763,3.484355,-0.563968
1403636978.834881306,2.326392,3.524813,-0.558200
1403636978.883881330,2.341788,3.560775,-0.565915
1403636978.981881380,2.350498,3.606518,-0.568763
1403636979.036881208,2.352809,3.631210,-0.571530
1403636979.082881212,2.355810,3.655575,-0.576324
1403636979.137881279,2.355818,3.680427,-0.581253
1403636979.186881304,2.355636,3.704515,-0.587659
1403636979.237881184,2.366339,3.747512,-0.606350
1403636979.284881353,2.365167,3.771686,-0.615866
1403636979.336881399,2.363294,3.797702,-0.627438
1403636979.436881304,2.359119,3.850105,-0.652385
1403636979.485881329,2.358221,3.873007,-0.663493
1403636979.534881353,2.353629,3.900026,-0.671144
1403636979.583881378,2.348812,3.927410,-0.678231
1403636979.633881330,2.352951,3.969272,-0.691282
1403636979.734881401,2.338879,4.022612,-0.693294
1403636979.784881353,2.331459,4.051521,-0.692628
1403636979.833881378,2.322241,4.078694,-0.689764
1403636979.885881186,2.311103,4.108651,-0.685816
1403636979.985881329,2.294939,4.182824,-0.681596
1403636980.036881208,2.281405,4.213918,-0.674475
1403636980.133881330,2.253801,4.276029,-0.664532
1403636980.182881355,2.238531,4.307719,-0.661657
1403636980.232881308,2.221557,4.339681,-0.659564
1403636980.283881187,2.213331,4.387793,-0.667425
1403636980.334881306,2.195767,4.420349,-0.668793
1403636980.432881355,2.160009,4.482092,-0.675269
1403636980.482881308,2.141847,4.513341,-0.681131
1403636980.534881353,2.122575,4.543281,-0.687879
1403636980.583881378,2.103899,4.573202,-0.696180
1403636980.633881330,2.093497,4.618834,-0.713472
1403636980.735881329,2.055969,4.677088,-0.734136
1403636980.785881281,2.038447,4.704739,-0.744622
1403636980.832881212,2.021572,4.731437,-0.753708
1403636980.883881330,2.004336,4.757763,-0.761104
1403636980.935881376,1.986449,4.783994,-0.766476
1403636980.985881329,1.976314,4.824507,-0.777021
1403636981.032881260,1.960411,4.848065,-0.778261
1403636981.135881186,1.926415,4.898667,-0.776845
1403636981.233881235,1.894885,4.946575,-0.778022
1403636981.334881306,1.861178,4.992038,-0.782766
1403636981.382881403,1.845294,5.014558,-0.786983
1403636981.482881308,1.818990,5.073062,-0.804019
1403636981.533881187,1.803590,5.095034,-0.810941
1403636981.583881378,1.788696,5.116292,-0.818843
1403636981.634881258,1.773687,5.138190,-0.827766
1403636981.683881283,1.758948,5.159082,-0.835973
1403636981.733881235,1.749223,5.194111,-0.849619
1403636981.783881187,1.735851,5.214524,-0.854977
1403636981.835881233,1.721490,5.236095,-0.858332
1403636981.884881258,1.708674,5.256834,-0.859696
1403636981.935881376,1.694235,5.277778,-0.859055
1403636981.981881380,1.681744,5.300901,-0.857060
1403636982.037881374,1.668685,5.334970,-0.856248
1403636982.084881306,1.653467,5.357147,-0.850154
1403636982.137881279,1.635711,5.380450,-0.842997
1403636982.234881401,1.600256,5.427302,-0.832371
1403636982.335881233,1.558084,5.477560,-0.824975
1403636982.384881258,1.542026,5.523116,-0.831407
1403636982.435881376,1.519286,5.552044,-0.830815
1403636982.483881235,1.497596,5.581935,-0.832181
1403636982.535881281,1.473953,5.613210,-0.833752
1403636982.584881306,1.450536,5.645205,-0.835702
1403636982.634881258,1.427115,5.677561,-0.836347
1403636982.684881210,1.403893,5.711384,-0.835559
1403636982.737881184,1.384450,5.766960,-0.841141
1403636982.785881281,1.362633,5.801335,-0.837231
1403636982.834881306,1.339566,5.836843,-0.830755
1403636982.887881279,1.317116,5.876427,-0.824213
1403636982.933881283,1.297658,5.912692,-0.818323
1403636982.984881401,1.275496,5.948930,-0.810749
1403636983.034881353,1.259322,6.010826,-0.815002
1403636983.085881233,1.238207,6.049233,-0.811595
1403636983.137881279,1.217165,6.087872,-0.809959
1403636983.234881401,1.178157,6.164025,-0.812646
1403636983.283881187,1.158124,6.203338,-0.816222
1403636983.333881378,1.137818,6.241166,-0.820672
1403636983.384881258,1.116753,6.279575,-0.826502
1403636983.481881380,1.081878,6.383179,-0.851902
1403636983.536881208,1.059059,6.420560,-0.860347
1403636983.586881399,1.038262,6.456240,-0.869254
1403636983.637881279,1.017625,6.492109,-0.877286
1403636983.685881376,0.997461,6.528104,-0.884486
1403636983.736881256,0.980030,6.593662,-0.900587
1403636983.785881281,0.958522,6.626921,-0.903456
1403636983.885881186,0.913982,6.696167,-0.904243
1403636983.936881304,0.890395,6.731271,-0.901767
1403636983.982881308,0.868621,6.764305,-0.898044
1403636984.032881260,0.846814,6.824879,-0.900649
1403636984.083881378,0.821586,6.860440,-0.893166
1403636984.133881330,0.794997,6.895610,-0.883698
1403636984.233881235,0.740964,6.968069,-0.863387
1403636984.283881187,0.712783,7.004766,-0.854479
1403636984.334881306,0.683560,7.040981,-0.846732
1403636984.382881403,0.655564,7.077949,-0.842169
1403636984.483881235,0.595554,7.179185,-0.845862
1403636984.535881281,0.563773,7.216455,-0.846170
1403636984.586881399,0.531393,7.253102,-0.847981
1403636984.635881186,0.498849,7.288032,-0.851327
1403636984.683881283,0.468247,7.323193,-0.856307
1403636984.735881329,0.434602,7.388050,-0.870455
1403636984.833881378,0.369229,7.455709,-0.877065
1403636984.883881330,0.334833,7.488607,-0.877809
1403636984.933881283,0.299431,7.520935,-0.876587
1403636984.983881235,0.266076,7.555194,-0.875055
1403636985.033881187,0.232406,7.614694,-0.879426
1403636985.083881378,0.197517,7.646627,-0.874249
1403636985.134881258,0.162275,7.677835,-0.867432
1403636985.237881184,0.091110,7.742154,-0.852479
1403636985.335881233,0.023168,7.801633,-0.843986
1403636985.386881351,-0.011090,7.860215,-0.854131
1403636985.484881401,-0.079810,7.918917,-0.865934
1403636985.582881212,-0.148288,7.975629,-0.878948
1403636985.635881186,-0.186068,8.002900,-0.882845
1403636985.684881210,-0.222121,8.058212,-0.893799
1403636985.734881401,-0.257989,8.085073,-0.894631
1403636985.783881187,-0.294679,8.109264,-0.893270
1403636985.885881186,-0.372127,8.157387,-0.885534
1403636985.936881304,-0.411429,8.180254,-0.879325
1403636985.985881329,-0.450110,8.200981,-0.872742
1403636986.035881281,-0.490632,8.239485,-0.872155
1403636986.084881306,-0.528824,8.258008,-0.868399
1403636986.136881351,-0.568360,8.273777,-0.866051
1403636986.235881329,-0.647610,8.303105,-0.867122
1403636986.282881260,-0.684473,8.316055,-0.869866
1403636986.337881327,-0.726751,8.325952,-0.873808
1403636986.381881237,-0.764835,8.348235,-0.882541
1403636986.437881231,-0.807460,8.353874,-0.888968
1403636986.537881374,-0.887141,8.366312,-0.904912
1403636986.582881212,-0.922945,8.367566,-0.912543
1403636986.637881279,-0.965062,8.367721,-0.920932
1403636986.737881184,-1.044738,8.373411,-0.933382
1403636986.781881332,-1.081168,8.374403,-0.935718
1403636986.834881306,-1.120984,8.374580,-0.935156
1403636986.882881403,-1.159281,8.375305,-0.932788
1403636986.933881283,-1.198131,8.374525,-0.927497
1403636986.982881308,-1.235109,8.376308,-0.920939
1403636987.034881353,-1.273417,8.380448,-0.912220
1403636987.133881330,-1.344674,8.380888,-0.886502
1403636987.182881355,-1.378804,8.380803,-0.870970
1403636987.233881235,-1.413530,8.380800,-0.854192
1403636987.283881187,-1.446694,8.380766,-0.837856
1403636987.334881306,-1.480112,8.382161,-0.823213
1403636987.385881186,-1.512719,8.382097,-0.809999
1403636987.485881329,-1.574890,8.380603,-0.789062
1403636987.535881281,-1.604968,8.378190,-0.780846
1403636987.581881285,-1.633081,8.376511,-0.774792
1403636987.636881351,-1.663067,8.374108,-0.769675
1403636987.737881184,-1.721396,8.365276,-0.762637
1403636987.785881281,-1.748175,8.360175,-0.760957
1403636987.836881399,-1.775592,8.353714,-0.759567
1403636987.885881186,-1.801314,8.346475,-0.758138
1403636987.938881397,-1.827609,8.333430,-0.753910
1403636987.982881308,-1.849152,8.324538,-0.749621
1403636988.033881187,-1.873470,8.313422,-0.743170
1403636988.083881378,-1.896369,8.301951,-0.734981
1403636988.182881355,-1.938960,8.277118,-0.715694
1403636988.232881308,-1.959655,8.263985,-0.706861
1403636988.283881187,-1.978717,8.250706,-0.699786
1403636988.334881306,-1.994427,8.227847,-0.691601
1403636988.382881403,-2.009828,8.214592,-0.687368
1403636988.484881401,-2.038118,8.187805,-0.681839
1403636988.535881281,-2.049691,8.174138,-0.678330
1403636988.585881233,-2.055952,8.149188,-0.670129
1403636988.636881351,-2.063389,8.135326,-0.663108
1403636988.736881256,-2.071048,8.107408,-0.644521
1403636988.833881378,-2.070020,8.078034,-0.623589
1403636988.884881258,-2.066383,8.062214,-0.614366
1403636988.984881401,-2.048459,8.011885,-0.596344
1403636989.034881353,-2.038518,7.994384,-0.591545
1403636989.084881306,-2.025982,7.977085,-0.588481
1403636989.184881210,-1.994729,7.941027,-0.585635
1403636989.234881401,-1.969435,7.898075,-0.578857
1403636989.283881187,-1.946906,7.870917,-0.578033
1403636989.333881378,-1.922284,7.848981,-0.579360
1403636989.383881330,-1.895990,7.826499,-0.580071
1403636989.432881355,-1.868391,7.803682,-0.578996
1403636989.483881235,-1.838309,7.779721,-0.576217
1403636989.533881187,-1.806195,7.756557,-0.571940
1403636989.583881378,-1.772157,7.729266,-0.564592
1403636989.633881330,-1.729619,7.670442,-0.547273
1403636989.735881329,-1.656723,7.619202,-0.526103
1403636989.785881281,-1.619818,7.593019,-0.515340
1403636989.834881306,-1.583980,7.567193,-0.505906
1403636989.884881258,-1.547243,7.541039,-0.497960
1403636989.935881376,-1.503716,7.485127,-0.483704
1403636989.984881401,-1.467476,7.458865,-0.478809
1403636990.034881353,-1.430221,7.433289,-0.475552
1403636990.133881330,-1.356418,7.374696,-0.471234
1403636990.182881355,-1.319525,7.342064,-0.468991
1403636990.237881184,-1.280296,7.314689,-0.467744
1403636990.281881332,-1.246057,7.285970,-0.463823
1403636990.335881233,-1.201970,7.223742,-0.449764
1403636990.381881237,-1.167197,7.194663,-0.442674
1403636990.484881401,-1.092860,7.135140,-0.423265
1403636990.537881374,-1.054840,7.105245,-0.411780
1403636990.581881285,-1.020466,7.073552,-0.400559
1403636990.634881258,-0.983085,7.041854,-0.390464
1403636990.733881235,-0.905454,6.939195,-0.364618
1403636990.786881208,-0.868777,6.907613,-0.359849
1403636990.834881306,-0.835086,6.876445,-0.355493
1403636990.884881258,-0.799600,6.842545,-0.353814
1403636990.936881304,-0.763966,6.810130,-0.353841
1403636990.981881380,-0.732524,6.777959,-0.354543
1403636991.037881374,-0.693059,6.712717,-0.349188
1403636991.081881285,-0.662528,6.680534,-0.352347
1403636991.133881330,-0.629381,6.647841,-0.357744
1403636991.182881355,-0.598104,6.617661,-0.364129
1403636991.286881208,-0.534256,6.553975,-0.379952
1403636991.336881399,-0.501045,6.494977,-0.380136
1403636991.384881258,-0.472664,6.464001,-0.386278
1403636991.481881380,-0.416091,6.402791,-0.394592
1403636991.533881187,-0.387482,6.371786,-0.395970
1403636991.582881212,-0.360851,6.340232,-0.394883
1403636991.633881330,-0.331911,6.277561,-0.382574
1403636991.733881235,-0.280190,6.219465,-0.372137
1403636991.783881187,-0.254705,6.189566,-0.364001
1403636991.835881233,-0.228244,6.159157,-0.353891
1403636991.882881403,-0.204760,6.133681,-0.344074
1403636991.936881304,-0.176716,6.079896,-0.324340
1403636991.982881308,-0.153278,6.045984,-0.310696
1403636992.036881208,-0.126021,6.018893,-0.298662
1403636992.136881351,-0.074942,5.967896,-0.280061
1403636992.183881283,-0.050850,5.942024,-0.273185
1403636992.233881235,-0.025114,5.915658,-0.267664
1403636992.282881260,0.000845,5.889840,-0.263430
1403636992.333881378,0.027414,5.841524,-0.253743
1403636992.383881330,0.053706,5.817707,-0.252464
1403636992.484881401,0.106826,5.768072,-0.251773
1403636992.583881378,0.157601,5.719282,-0.253612
1403636992.632881403,0.182412,5.674518,-0.247016
1403636992.683881283,0.207206,5.649199,-0.244866
1403636992.734881401,0.232169,5.625216,-0.241370
1403636992.833881378,0.278100,5.577684,-0.229067
1403636992.884881258,0.301109,5.553719,-0.221356
1403636992.933881283,0.322225,5.529515,-0.214432
1403636993.033881187,0.361991,5.460810,-0.198007
1403636993.083881378,0.381404,5.438238,-0.195457
1403636993.183881283,0.418218,5.392735,-0.194553
1403636993.232881308,0.436013,5.369935,-0.195691
1403636993.283881187,0.453214,5.346102,-0.196668
1403636993.334881306,0.470429,5.323372,-0.197236
1403636993.383881330,0.484568,5.281356,-0.189547
1403636993.484881401,0.516028,5.233805,-0.180523
1403636993.537881374,0.532924,5.211270,-0.173130
1403636993.586881399,0.548795,5.189252,-0.164246
1403636993.635881186,0.565426,5.167587,-0.153798
1403636993.685881376,0.578395,5.116925,-0.132732
1403636993.785881281,0.611100,5.064604,-0.102622
1403636993.833881378,0.627901,5.043292,-0.090035
1403636993.885881186,0.645149,5.020534,-0.078242
1403636993.983881235,0.678367,4.971520,-0.058823
1403636994.036881208,0.695811,4.947966,-0.052065
1403636994.087881327,0.711518,4.924089,-0.046862
1403636994.134881258,0.725808,4.878700,-0.036429
1403636994.234881401,0.759716,4.830052,-0.033086
1403636994.282881260,0.776424,4.804035,-0.033088
1403636994.333881378,0.794189,4.776361,-0.034083
1403636994.382881403,0.811559,4.749347,-0.036181
1403636994.434881210,0.830241,4.720488,-0.039598
1403636994.484881401,0.844808,4.668688,-0.036659
1403636994.534881353,0.863947,4.637952,-0.041381
1403636994.583881378,0.883770,4.605755,-0.046381
1403636994.634881258,0.904252,4.572383,-0.050760
1403636994.735881329,0.949603,4.505250,-0.056284
1403636994.784881353,0.972188,4.470324,-0.055865
1403636994.836881399,0.990457,4.404704,-0.043188
1403636994.883881330,1.013804,4.369387,-0.039033
1403636994.986881256,1.066604,4.295712,-0.026996
1403636995.034881353,1.093247,4.258053,-0.021927
1403636995.084881306,1.119573,4.222493,-0.016522
1403636995.135881186,1.147526,4.186292,-0.013900
1403636995.185881376,1.175266,4.149384,-0.012479
1403636995.237881184,1.197433,4.087740,-0.003709
1403636995.281881332,1.223780,4.054277,-0.004173
1403636995.333881378,1.253786,4.017369,-0.004002
1403636995.381881237,1.283855,3.982695,-0.002684
1403636995.482881308,1.346685,3.911408,0.006346
1403636995.533881187,1.379359,3.874761,0.014072
1403636995.582881212,1.410725,3.837784,0.023881
1403636995.633881330,1.437237,3.781711,0.042522
1403636995.733881235,1.503013,3.705999,0.070056
1403636995.781881332,1.532754,3.662407,0.087048
1403636995.836881399,1.570169,3.625137,0.100491
1403636995.882881403,1.600401,3.588577,0.112230
1403636995.936881304,1.637920,3.550136,0.123066
1403636995.982881308,1.668383,3.514719,0.131867
1403636996.033881187,1.694606,3.459563,0.146570
1403636996.082881212,1.728236,3.423947,0.152722
1403636996.133881330,1.763657,3.387450,0.157563
1403636996.235881329,1.834013,3.314727,0.163438
1403636996.283881187,1.866816,3.280286,0.165890
1403636996.336881399,1.904064,3.245059,0.168335
1403636996.385881186,1.933237,3.202635,0.176421
1403636996.436881304,1.968341,3.168987,0.183111
1403636996.483881235,2.000785,3.138088,0.191035
1403636996.535881281,2.037634,3.105808,0.201029
1403636996.584881306,2.070631,3.073876,0.213612
1403636996.635881186,2.105204,3.042132,0.227842
1403636996.685881376,2.139547,3.010494,0.243755
1403636996.736881256,2.165934,2.970465,0.265080
1403636996.784881353,2.197332,2.941060,0.281642
1403636996.836881399,2.230406,2.909487,0.297750
1403636996.933881283,2.291196,2.850822,0.316516
1403636996.982881308,2.320451,2.820696,0.320809
1403636997.032881260,2.351081,2.790389,0.322392
1403636997.083881378,2.377481,2.757385,0.323675
1403636997.134881258,2.407134,2.728020,0.322018
1403636997.232881308,2.460437,2.671689,0.316029
1403636997.283881187,2.487856,2.642545,0.311159
1403636997.333881378,2.513705,2.615378,0.305469
1403636997.383881330,2.539113,2.587550,0.298621
1403636997.484881401,2.587948,2.534993,0.284502
1403636997.534881353,2.610976,2.510367,0.279508
1403636997.585881233,2.633068,2.485772,0.276632
1403636997.636881351,2.654972,2.461895,0.275690
1403636997.683881283,2.674179,2.440114,0.277009
1403636997.734881401,2.693861,2.417092,0.280741
1403636997.783881187,2.713285,2.396236,0.285786
1403636997.984881401,2.780234,2.316029,0.326215
1403636998.034881353,2.794510,2.296554,0.341377
1403636998.083881378,2.807467,2.278696,0.357204
1403636998.138881207,2.820796,2.261099,0.375108
1403636998.189881325,2.833132,2.245020,0.394248
1403636998.238881350,2.837836,2.224714,0.416673
1403636998.287881374,2.848457,2.209369,0.437653
1403636998.339881182,2.857557,2.193814,0.458328
1403636998.437881231,2.873473,2.165500,0.493776
1403636998.488881350,2.879980,2.151837,0.509154
1403636998.540881395,2.885660,2.138467,0.523152
1403636998.585881233,2.885927,2.123208,0.536396
1403636998.638881207,2.890841,2.111529,0.548624
1403636998.737881184,2.898065,2.089349,0.576445
1403636998.788881302,2.901034,2.078333,0.592991
1403636998.838881254,2.904798,2.068275,0.610610
1403636998.886881351,2.907780,2.058076,0.629927
1403636998.937881231,2.912054,2.048307,0.650894
1403636998.987881184,2.908863,2.033234,0.672832
1403636999.038881302,2.912994,2.022526,0.692154
1403636999.138881207,2.920531,1.999482,0.725605
1403636999.189881325,2.925759,1.986780,0.740847
1403636999.238881350,2.929415,1.973312,0.753241
1403636999.288881302,2.933664,1.958609,0.765117
1403636999.338881254,2.933856,1.940352,0.776274
1403636999.389881372,2.938770,1.924772,0.784400
1403636999.489881277,2.948482,1.891650,0.796146
1403636999.538881302,2.953627,1.873676,0.800086
1403636999.588881254,2.959012,1.856507,0.802548
1403636999.639881372,2.964383,1.836866,0.803973
1403636999.685881376,2.969750,1.818568,0.804329
1403636999.737881184,2.971720,1.795932,0.804911
1403636999.785881281,2.978348,1.776604,0.803979
1403636999.838881254,2.984597,1.755474,0.802527
1403636999.886881351,2.990446,1.734586,0.800624
1403636999.937881231,2.997735,1.712685,0.798020
1403636999.987881184,3.005654,1.691176,0.794794
1403637000.037881374,3.010192,1.667143,0.791834
1403637000.087881327,3.018320,1.644294,0.787900
1403637000.188881397,3.036658,1.596487,0.781732
1403637000.240881205,3.046378,1.570963,0.781249
1403637000.289881229,3.055893,1.546294,0.782757
1403637000.339881182,3.066036,1.520693,0.785947
1403637000.389881372,3.072901,1.493007,0.791291
1403637000.488881350,3.093469,1.439653,0.799945
1403637000.539881229,3.104204,1.412866,0.802847
1403637000.589881182,3.115814,1.383504,0.805739
1403637000.639881372,3.126834,1.353719,0.806586
1403637000.686881304,3.137199,1.326935,0.806647
1403637000.737881184,3.148752,1.296987,0.807364
1403637000.785881281,3.158119,1.267175,0.809875
1403637000.836881399,3.170038,1.236491,0.813903
1403637000.938881397,3.194646,1.173797,0.828188
1403637000.987881184,3.206807,1.142279,0.837018
1403637001.036881208,3.219373,1.111014,0.844835
1403637001.085881233,3.231728,1.078612,0.851547
1403637001.186881304,3.259543,1.011698,0.861589
1403637001.238881350,3.272728,0.976919,0.864003
1403637001.337881327,3.300129,0.911351,0.864506
1403637001.389881372,3.313875,0.877622,0.866639
1403637001.439881325,3.332603,0.843638,0.869125
1403637001.488881350,3.348229,0.809957,0.874480
1403637001.537881374,3.362957,0.775687,0.882089
1403637001.589881182,3.378614,0.741283,0.891266
1403637001.638881207,3.395095,0.707100,0.901959
1403637001.687881231,3.409928,0.673787,0.912652
1403637001.738881350,3.433635,0.639372,0.922148
1403637001.787881374,3.450371,0.606225,0.930974
1403637001.838881254,3.466673,0.572145,0.938609
1403637001.887881279,3.483200,0.538832,0.944509
1403637001.939881325,3.500516,0.503427,0.949401
1403637001.988881350,3.517775,0.470634,0.952257
1403637002.037881374,3.546137,0.440113,0.951893
1403637002.087881327,3.563394,0.406897,0.952247
1403637002.139881372,3.579156,0.373540,0.951635
1403637002.236881256,3.611951,0.310282,0.947346
1403637002.288881302,3.628259,0.277943,0.943894
1403637002.339881182,3.644112,0.245655,0.939520
1403637002.388881207,3.661425,0.215324,0.934190
1403637002.485881329,3.706056,0.153969,0.921216
1403637002.538881302,3.722753,0.122245,0.916813
1403637002.588881254,3.737488,0.090905,0.914663
1403637002.637881279,3.751253,0.059072,0.914452
1403637002.687881231,3.766145,0.028232,0.916797
1403637002.738881350,3.780084,-0.003374,0.921217
1403637002.788881302,3.811847,-0.033145,0.924835
1403637002.839881182,3.822856,-0.064147,0.933474
1403637002.888881207,3.836542,-0.092624,0.941140
1403637002.990881205,3.862459,-0.157317,0.953225
1403637003.086881399,3.887609,-0.218072,0.958894
1403637003.137881279,3.912787,-0.250889,0.957765
1403637003.187881231,3.924733,-0.282011,0.957013
1403637003.237881184,3.936237,-0.313459,0.954937
1403637003.286881208,3.948387,-0.344087,0.951396
1403637003.338881254,3.960046,-0.375685,0.946578
1403637003.388881207,3.971354,-0.407474,0.941067
1403637003.437881231,3.983511,-0.437831,0.934944
1403637003.486881256,4.008379,-0.470022,0.928247
1403637003.540881395,4.020316,-0.502048,0.925003
1403637003.591881275,4.031334,-0.534037,0.924018
1403637003.641881227,4.042674,-0.564103,0.925000
1403637003.738881350,4.065463,-0.624101,0.931858
1403637003.787881374,4.078058,-0.653299,0.937817
1403637003.838881254,4.103981,-0.686785,0.943168
1403637003.888881207,4.116090,-0.716706,0.949427
1403637003.989881277,4.139548,-0.775022,0.958510
1403637004.040881395,4.151701,-0.804664,0.961226
1403637004.085881233,4.163068,-0.831162,0.962320
1403637004.139881372,4.174446,-0.861067,0.962034
1403637004.187881231,4.203486,-0.891825,0.957639
1403637004.237881184,4.215528,-0.919686,0.953604
1403637004.287881374,4.226297,-0.947280,0.948383
1403637004.337881327,4.235947,-0.974575,0.943101
1403637004.437881231,4.257244,-1.028957,0.934800
1403637004.486881256,4.266326,-1.055253,0.934362
1403637004.537881374,4.275377,-1.082491,0.936470
1403637004.587881327,4.295342,-1.111754,0.939536
1403637004.637881279,4.305835,-1.138741,0.946380
1403637004.739881277,4.322426,-1.192436,0.969653
1403637004.789881229,4.331882,-1.217426,0.984412
1403637004.839881182,4.341442,-1.241653,0.999648
1403637004.888881207,4.350800,-1.265216,1.012825
1403637004.939881325,4.358731,-1.288868,1.024064
1403637005.039881229,4.392473,-1.336617,1.031800
1403637005.140881300,4.411936,-1.377073,1.025479
1403637005.189881325,4.417510,-1.394108,1.019291
1403637005.285881281,4.464934,-1.437262,0.999883
1403637005.387881279,4.474763,-1.465689,0.981525
1403637005.436881304,4.483928,-1.482603,0.971626
1403637005.487881184,4.494226,-1.495424,0.960246
1403637005.536881208,4.509912,-1.510273,0.946715
1403637005.585881233,4.517796,-1.523644,0.935158
1403637005.636881351,4.525025,-1.539058,0.924266
1403637005.739881277,4.557418,-1.569952,0.902432
1403637005.788881302,4.564819,-1.583665,0.897470
1403637005.835881233,4.572224,-1.595252,0.895193
1403637005.886881351,4.580004,-1.606665,0.895410
1403637005.935881376,4.585886,-1.618542,0.898811
1403637005.987881184,4.589919,-1.630220,0.904062
1403637006.040881395,4.613426,-1.649985,0.908771
1403637006.087881327,4.618009,-1.659987,0.914101
1403637006.136881351,4.622561,-1.669930,0.919182
1403637006.187881231,4.628621,-1.680937,0.922448
1403637006.236881256,4.632855,-1.690825,0.925131
1403637006.288881302,4.638850,-1.701549,0.927319
1403637006.338881254,4.643946,-1.711695,0.929313
1403637006.385881186,4.648248,-1.721006,0.931190
1403637006.439881325,4.652416,-1.730545,0.932770
1403637006.488881350,4.655886,-1.738897,0.933901
1403637006.540881395,4.664961,-1.749070,0.933784
1403637006.587881327,4.667892,-1.755385,0.933190
1403637006.638881207,4.670688,-1.759388,0.933200
1403637006.740881205,4.675804,-1.773498,0.930642
1403637006.787881374,4.677483,-1.776965,0.928721
1403637006.839881182,4.679238,-1.780033,0.926198
1403637006.888881207,4.683017,-1.783343,0.923375
1403637006.989881277,4.685342,-1.785870,0.915141
1403637007.041881323,4.686769,-1.786131,0.910124
1403637007.085881233,4.688340,-1.786198,0.905705
1403637007.138881207,4.689833,-1.786267,0.900703
1403637007.188881397,4.690519,-1.785756,0.896134
1403637007.238881350,4.694042,-1.786205,0.891359
1403637007.285881281,4.695751,-1.785663,0.886342
1403637007.387881279,4.699166,-1.784405,0.875907
1403637007.438881397,4.701577,-1.784778,0.870801
1403637007.486881256,4.703963,-1.785278,0.865900
1403637007.540881395,4.706218,-1.785946,0.860539
1403637007.588881254,4.709381,-1.787202,0.855597
1403637007.638881207,4.715107,-1.789973,0.849984
1403637007.737881184,4.722238,-1.795398,0.838504
1403637007.787881374,4.724667,-1.798116,0.832439
1403637007.838881254,4.727722,-1.801953,0.826227
1403637007.887881279,4.730575,-1.806201,0.819761
1403637007.938881397,4.732366,-1.810631,0.813969
1403637007.989881277,4.738667,-1.817317,0.808027
1403637008.040881395,4.741294,-1.822557,0.802796
1403637008.086881399,4.744206,-1.827373,0.798435
1403637008.187881231,4.747598,-1.837746,0.789960
1403637008.237881184,4.749176,-1.843313,0.785987
1403637008.288881302,4.749011,-1.848035,0.782689
1403637008.337881327,4.749863,-1.853043,0.779724
1403637008.387881279,4.751783,-1.858317,0.777377
1403637008.487881184,4.750959,-1.867967,0.775437
1403637008.538881302,4.749202,-1.872556,0.775769
1403637008.588881254,4.748460,-1.877581,0.776795
1403637008.640881300,4.746811,-1.882456,0.778646
1403637008.688881397,4.744291,-1.886836,0.780656
1403637008.739881277,4.739858,-1.890753,0.783224
1403637008.789881229,4.736261,-1.894830,0.784588
1403637008.839881182,4.732667,-1.898491,0.784911
1403637008.888881207,4.729369,-1.900877,0.783829
1403637008.939881325,4.725248,-1.902225,0.781761
1403637008.989881277,4.722293,-1.902982,0.778660
1403637009.039881229,4.716745,-1.901968,0.775321
1403637009.085881233,4.713198,-1.900902,0.770724
1403637009.137881279,4.710832,-1.899169,0.765019
1403637009.238881350,4.705718,-1.892962,0.751271
1403637009.335881233,4.700655,-1.882820,0.735134
1403637009.385881186,4.698136,-1.877295,0.726213
1403637009.487881184,4.687871,-1.865205,0.707616
1403637009.538881302,4.688182,-1.858269,0.699647
1403637009.587881327,4.691007,-1.849898,0.696813
1403637009.638881207,4.692941,-1.844111,0.694807
1403637009.736881256,4.703342,-1.829329,0.683776
1403637009.788881302,4.714893,-1.829865,0.682651
1403637009.839881182,4.717286,-1.828677,0.681261
1403637009.888881207,4.719522,-1.828391,0.680990
1403637009.937881231,4.719427,-1.828574,0.680850
1403637009.988881350,4.719415,-1.828606,0.680853
1403637010.039881229,4.719406,-1.828605,0.680799
1403637010.088881254,4.719360,-1.828722,0.680793
